"simulation","model","N","percentage"
"1","1","50",0.98763589381094
"2","1","50",NA
"3","1","50",NA
"4","1","50",NA
"5","1","50",NA
"6","1","50",NA
"7","1","50",NA
"8","1","50",NA
"9","1","50",NA
"10","1","50",NA
"11","1","50",NA
"12","1","50",NA
"13","1","50",NA
"14","1","50",NA
"15","1","50",NA
"16","1","50",NA
"17","1","50",NA
"18","1","50",NA
"19","1","50",NA
"20","1","50",NA
"21","1","50",NA
"22","1","50",NA
"23","1","50",NA
"24","1","50",NA
"25","1","50",NA
"26","1","50",NA
"27","1","50",NA
"28","1","50",NA
"29","1","50",NA
"30","1","50",NA
"31","1","50",NA
"32","1","50",NA
"33","1","50",NA
"34","1","50",NA
"35","1","50",NA
"36","1","50",NA
"37","1","50",NA
"38","1","50",NA
"39","1","50",NA
"40","1","50",NA
"41","1","50",NA
"42","1","50",NA
"43","1","50",NA
"44","1","50",NA
"45","1","50",NA
"46","1","50",NA
"47","1","50",NA
"48","1","50",NA
"49","1","50",NA
"50","1","50",NA
"51","1","50",NA
"52","1","50",NA
"53","1","50",NA
"54","1","50",NA
"55","1","50",NA
"56","1","50",NA
"57","1","50",NA
"58","1","50",NA
"59","1","50",NA
"60","1","50",NA
"61","1","50",NA
"62","1","50",NA
"63","1","50",NA
"64","1","50",NA
"65","1","50",NA
"66","1","50",NA
"67","1","50",NA
"68","1","50",NA
"69","1","50",NA
"70","1","50",NA
"71","1","50",NA
"72","1","50",NA
"73","1","50",NA
"74","1","50",NA
"75","1","50",NA
"76","1","50",NA
"77","1","50",NA
"78","1","50",NA
"79","1","50",NA
"80","1","50",NA
"81","1","50",NA
"82","1","50",NA
"83","1","50",NA
"84","1","50",NA
"85","1","50",NA
"86","1","50",NA
"87","1","50",NA
"88","1","50",NA
"89","1","50",NA
"90","1","50",NA
"91","1","50",NA
"92","1","50",NA
"93","1","50",NA
"94","1","50",NA
"95","1","50",NA
"96","1","50",NA
"97","1","50",NA
"98","1","50",NA
"99","1","50",NA
"100","1","50",NA
"101","1","50",NA
"102","1","50",NA
"103","1","50",NA
"104","1","50",NA
"105","1","50",NA
"106","1","50",NA
"107","1","50",NA
"108","1","50",NA
"109","1","50",NA
"110","1","50",NA
"111","1","50",NA
"112","1","50",NA
"113","1","50",NA
"114","1","50",NA
"115","1","50",NA
"116","1","50",NA
"117","1","50",NA
"118","1","50",NA
"119","1","50",NA
"120","1","50",NA
"121","1","50",NA
"122","1","50",NA
"123","1","50",NA
"124","1","50",NA
"125","1","50",NA
"126","1","50",NA
"127","1","50",NA
"128","1","50",NA
"129","1","50",NA
"130","1","50",NA
"131","1","50",NA
"132","1","50",NA
"133","1","50",NA
"134","1","50",NA
"135","1","50",NA
"136","1","50",NA
"137","1","50",NA
"138","1","50",NA
"139","1","50",NA
"140","1","50",NA
"141","1","50",NA
"142","1","50",NA
"143","1","50",NA
"144","1","50",NA
"145","1","50",NA
"146","1","50",NA
"147","1","50",NA
"148","1","50",NA
"149","1","50",NA
"150","1","50",NA
"151","1","50",NA
"152","1","50",NA
"153","1","50",NA
"154","1","50",NA
"155","1","50",NA
"156","1","50",NA
"157","1","50",NA
"158","1","50",NA
"159","1","50",NA
"160","1","50",NA
"161","1","50",NA
"162","1","50",NA
"163","1","50",NA
"164","1","50",NA
"165","1","50",NA
"166","1","50",NA
"167","1","50",NA
"168","1","50",NA
"169","1","50",NA
"170","1","50",NA
"171","1","50",NA
"172","1","50",NA
"173","1","50",NA
"174","1","50",NA
"175","1","50",NA
"176","1","50",NA
"177","1","50",NA
"178","1","50",NA
"179","1","50",NA
"180","1","50",NA
"181","1","50",NA
"182","1","50",NA
"183","1","50",NA
"184","1","50",NA
"185","1","50",NA
"186","1","50",NA
"187","1","50",NA
"188","1","50",NA
"189","1","50",NA
"190","1","50",NA
"191","1","50",NA
"192","1","50",NA
"193","1","50",NA
"194","1","50",NA
"195","1","50",NA
"196","1","50",NA
"197","1","50",NA
"198","1","50",NA
"199","1","50",NA
"200","1","50",NA
"201","1","50",NA
"202","1","50",NA
"203","1","50",NA
"204","1","50",NA
"205","1","50",NA
"206","1","50",NA
"207","1","50",NA
"208","1","50",NA
"209","1","50",NA
"210","1","50",NA
"211","1","50",NA
"212","1","50",NA
"213","1","50",NA
"214","1","50",NA
"215","1","50",NA
"216","1","50",NA
"217","1","50",NA
"218","1","50",NA
"219","1","50",NA
"220","1","50",NA
"221","1","50",NA
"222","1","50",NA
"223","1","50",NA
"224","1","50",NA
"225","1","50",NA
"226","1","50",NA
"227","1","50",NA
"228","1","50",NA
"229","1","50",NA
"230","1","50",NA
"231","1","50",NA
"232","1","50",NA
"233","1","50",NA
"234","1","50",NA
"235","1","50",NA
"236","1","50",NA
"237","1","50",NA
"238","1","50",NA
"239","1","50",NA
"240","1","50",NA
"241","1","50",NA
"242","1","50",NA
"243","1","50",NA
"244","1","50",NA
"245","1","50",NA
"246","1","50",NA
"247","1","50",NA
"248","1","50",NA
"249","1","50",NA
"250","1","50",NA
"251","1","50",NA
"252","1","50",NA
"253","1","50",NA
"254","1","50",NA
"255","1","50",NA
"256","1","50",NA
"257","1","50",NA
"258","1","50",NA
"259","1","50",NA
"260","1","50",NA
"261","1","50",NA
"262","1","50",NA
"263","1","50",NA
"264","1","50",NA
"265","1","50",NA
"266","1","50",NA
"267","1","50",NA
"268","1","50",NA
"269","1","50",NA
"270","1","50",NA
"271","1","50",NA
"272","1","50",NA
"273","1","50",NA
"274","1","50",NA
"275","1","50",NA
"276","1","50",NA
"277","1","50",NA
"278","1","50",NA
"279","1","50",NA
"280","1","50",NA
"281","1","50",NA
"282","1","50",NA
"283","1","50",NA
"284","1","50",NA
"285","1","50",NA
"286","1","50",NA
"287","1","50",NA
"288","1","50",NA
"289","1","50",NA
"290","1","50",NA
"291","1","50",NA
"292","1","50",NA
"293","1","50",NA
"294","1","50",NA
"295","1","50",NA
"296","1","50",NA
"297","1","50",NA
"298","1","50",NA
"299","1","50",NA
"300","1","50",NA
"301","1","50",NA
"302","1","50",NA
"303","1","50",NA
"304","1","50",NA
"305","1","50",NA
"306","1","50",NA
"307","1","50",NA
"308","1","50",NA
"309","1","50",NA
"310","1","50",NA
"311","1","50",NA
"312","1","50",NA
"313","1","50",NA
"314","1","50",NA
"315","1","50",NA
"316","1","50",NA
"317","1","50",NA
"318","1","50",NA
"319","1","50",NA
"320","1","50",NA
"321","1","50",NA
"322","1","50",NA
"323","1","50",NA
"324","1","50",NA
"325","1","50",NA
"326","1","50",NA
"327","1","50",NA
"328","1","50",NA
"329","1","50",NA
"330","1","50",NA
"331","1","50",NA
"332","1","50",NA
"333","1","50",NA
"334","1","50",NA
"335","1","50",NA
"336","1","50",NA
"337","1","50",NA
"338","1","50",NA
"339","1","50",NA
"340","1","50",NA
"341","1","50",NA
"342","1","50",NA
"343","1","50",NA
"344","1","50",NA
"345","1","50",NA
"346","1","50",NA
"347","1","50",NA
"348","1","50",NA
"349","1","50",NA
"350","1","50",NA
"351","1","50",NA
"352","1","50",NA
"353","1","50",NA
"354","1","50",NA
"355","1","50",NA
"356","1","50",NA
"357","1","50",NA
"358","1","50",NA
"359","1","50",NA
"360","1","50",NA
"361","1","50",NA
"362","1","50",NA
"363","1","50",NA
"364","1","50",NA
"365","1","50",NA
"366","1","50",NA
"367","1","50",NA
"368","1","50",NA
"369","1","50",NA
"370","1","50",NA
"371","1","50",NA
"372","1","50",NA
"373","1","50",NA
"374","1","50",NA
"375","1","50",NA
"376","1","50",NA
"377","1","50",NA
"378","1","50",NA
"379","1","50",NA
"380","1","50",NA
"381","1","50",NA
"382","1","50",NA
"383","1","50",NA
"384","1","50",NA
"385","1","50",NA
"386","1","50",NA
"387","1","50",NA
"388","1","50",NA
"389","1","50",NA
"390","1","50",NA
"391","1","50",NA
"392","1","50",NA
"393","1","50",NA
"394","1","50",NA
"395","1","50",NA
"396","1","50",NA
"397","1","50",NA
"398","1","50",NA
"399","1","50",NA
"400","1","50",NA
"401","1","50",NA
"402","1","50",NA
"403","1","50",NA
"404","1","50",NA
"405","1","50",NA
"406","1","50",NA
"407","1","50",NA
"408","1","50",NA
"409","1","50",NA
"410","1","50",NA
"411","1","50",NA
"412","1","50",NA
"413","1","50",NA
"414","1","50",NA
"415","1","50",NA
"416","1","50",NA
"417","1","50",NA
"418","1","50",NA
"419","1","50",NA
"420","1","50",NA
"421","1","50",NA
"422","1","50",NA
"423","1","50",NA
"424","1","50",NA
"425","1","50",NA
"426","1","50",NA
"427","1","50",NA
"428","1","50",NA
"429","1","50",NA
"430","1","50",NA
"431","1","50",NA
"432","1","50",NA
"433","1","50",NA
"434","1","50",NA
"435","1","50",NA
"436","1","50",NA
"437","1","50",NA
"438","1","50",NA
"439","1","50",NA
"440","1","50",NA
"441","1","50",NA
"442","1","50",NA
"443","1","50",NA
"444","1","50",NA
"445","1","50",NA
"446","1","50",NA
"447","1","50",NA
"448","1","50",NA
"449","1","50",NA
"450","1","50",NA
"451","1","50",NA
"452","1","50",NA
"453","1","50",NA
"454","1","50",NA
"455","1","50",NA
"456","1","50",NA
"457","1","50",NA
"458","1","50",NA
"459","1","50",NA
"460","1","50",NA
"461","1","50",NA
"462","1","50",NA
"463","1","50",NA
"464","1","50",NA
"465","1","50",NA
"466","1","50",NA
"467","1","50",NA
"468","1","50",NA
"469","1","50",NA
"470","1","50",NA
"471","1","50",NA
"472","1","50",NA
"473","1","50",NA
"474","1","50",NA
"475","1","50",NA
"476","1","50",NA
"477","1","50",NA
"478","1","50",NA
"479","1","50",NA
"480","1","50",NA
"481","1","50",NA
"482","1","50",NA
"483","1","50",NA
"484","1","50",NA
"485","1","50",NA
"486","1","50",NA
"487","1","50",NA
"488","1","50",NA
"489","1","50",NA
"490","1","50",NA
"491","1","50",NA
"492","1","50",NA
"493","1","50",NA
"494","1","50",NA
"495","1","50",NA
"496","1","50",NA
"497","1","50",NA
"498","1","50",NA
"499","1","50",NA
"500","1","50",NA
"1","2","50",0.00413354262345944
"2","2","50",NA
"3","2","50",NA
"4","2","50",NA
"5","2","50",NA
"6","2","50",NA
"7","2","50",NA
"8","2","50",NA
"9","2","50",NA
"10","2","50",NA
"11","2","50",NA
"12","2","50",NA
"13","2","50",NA
"14","2","50",NA
"15","2","50",NA
"16","2","50",NA
"17","2","50",NA
"18","2","50",NA
"19","2","50",NA
"20","2","50",NA
"21","2","50",NA
"22","2","50",NA
"23","2","50",NA
"24","2","50",NA
"25","2","50",NA
"26","2","50",NA
"27","2","50",NA
"28","2","50",NA
"29","2","50",NA
"30","2","50",NA
"31","2","50",NA
"32","2","50",NA
"33","2","50",NA
"34","2","50",NA
"35","2","50",NA
"36","2","50",NA
"37","2","50",NA
"38","2","50",NA
"39","2","50",NA
"40","2","50",NA
"41","2","50",NA
"42","2","50",NA
"43","2","50",NA
"44","2","50",NA
"45","2","50",NA
"46","2","50",NA
"47","2","50",NA
"48","2","50",NA
"49","2","50",NA
"50","2","50",NA
"51","2","50",NA
"52","2","50",NA
"53","2","50",NA
"54","2","50",NA
"55","2","50",NA
"56","2","50",NA
"57","2","50",NA
"58","2","50",NA
"59","2","50",NA
"60","2","50",NA
"61","2","50",NA
"62","2","50",NA
"63","2","50",NA
"64","2","50",NA
"65","2","50",NA
"66","2","50",NA
"67","2","50",NA
"68","2","50",NA
"69","2","50",NA
"70","2","50",NA
"71","2","50",NA
"72","2","50",NA
"73","2","50",NA
"74","2","50",NA
"75","2","50",NA
"76","2","50",NA
"77","2","50",NA
"78","2","50",NA
"79","2","50",NA
"80","2","50",NA
"81","2","50",NA
"82","2","50",NA
"83","2","50",NA
"84","2","50",NA
"85","2","50",NA
"86","2","50",NA
"87","2","50",NA
"88","2","50",NA
"89","2","50",NA
"90","2","50",NA
"91","2","50",NA
"92","2","50",NA
"93","2","50",NA
"94","2","50",NA
"95","2","50",NA
"96","2","50",NA
"97","2","50",NA
"98","2","50",NA
"99","2","50",NA
"100","2","50",NA
"101","2","50",NA
"102","2","50",NA
"103","2","50",NA
"104","2","50",NA
"105","2","50",NA
"106","2","50",NA
"107","2","50",NA
"108","2","50",NA
"109","2","50",NA
"110","2","50",NA
"111","2","50",NA
"112","2","50",NA
"113","2","50",NA
"114","2","50",NA
"115","2","50",NA
"116","2","50",NA
"117","2","50",NA
"118","2","50",NA
"119","2","50",NA
"120","2","50",NA
"121","2","50",NA
"122","2","50",NA
"123","2","50",NA
"124","2","50",NA
"125","2","50",NA
"126","2","50",NA
"127","2","50",NA
"128","2","50",NA
"129","2","50",NA
"130","2","50",NA
"131","2","50",NA
"132","2","50",NA
"133","2","50",NA
"134","2","50",NA
"135","2","50",NA
"136","2","50",NA
"137","2","50",NA
"138","2","50",NA
"139","2","50",NA
"140","2","50",NA
"141","2","50",NA
"142","2","50",NA
"143","2","50",NA
"144","2","50",NA
"145","2","50",NA
"146","2","50",NA
"147","2","50",NA
"148","2","50",NA
"149","2","50",NA
"150","2","50",NA
"151","2","50",NA
"152","2","50",NA
"153","2","50",NA
"154","2","50",NA
"155","2","50",NA
"156","2","50",NA
"157","2","50",NA
"158","2","50",NA
"159","2","50",NA
"160","2","50",NA
"161","2","50",NA
"162","2","50",NA
"163","2","50",NA
"164","2","50",NA
"165","2","50",NA
"166","2","50",NA
"167","2","50",NA
"168","2","50",NA
"169","2","50",NA
"170","2","50",NA
"171","2","50",NA
"172","2","50",NA
"173","2","50",NA
"174","2","50",NA
"175","2","50",NA
"176","2","50",NA
"177","2","50",NA
"178","2","50",NA
"179","2","50",NA
"180","2","50",NA
"181","2","50",NA
"182","2","50",NA
"183","2","50",NA
"184","2","50",NA
"185","2","50",NA
"186","2","50",NA
"187","2","50",NA
"188","2","50",NA
"189","2","50",NA
"190","2","50",NA
"191","2","50",NA
"192","2","50",NA
"193","2","50",NA
"194","2","50",NA
"195","2","50",NA
"196","2","50",NA
"197","2","50",NA
"198","2","50",NA
"199","2","50",NA
"200","2","50",NA
"201","2","50",NA
"202","2","50",NA
"203","2","50",NA
"204","2","50",NA
"205","2","50",NA
"206","2","50",NA
"207","2","50",NA
"208","2","50",NA
"209","2","50",NA
"210","2","50",NA
"211","2","50",NA
"212","2","50",NA
"213","2","50",NA
"214","2","50",NA
"215","2","50",NA
"216","2","50",NA
"217","2","50",NA
"218","2","50",NA
"219","2","50",NA
"220","2","50",NA
"221","2","50",NA
"222","2","50",NA
"223","2","50",NA
"224","2","50",NA
"225","2","50",NA
"226","2","50",NA
"227","2","50",NA
"228","2","50",NA
"229","2","50",NA
"230","2","50",NA
"231","2","50",NA
"232","2","50",NA
"233","2","50",NA
"234","2","50",NA
"235","2","50",NA
"236","2","50",NA
"237","2","50",NA
"238","2","50",NA
"239","2","50",NA
"240","2","50",NA
"241","2","50",NA
"242","2","50",NA
"243","2","50",NA
"244","2","50",NA
"245","2","50",NA
"246","2","50",NA
"247","2","50",NA
"248","2","50",NA
"249","2","50",NA
"250","2","50",NA
"251","2","50",NA
"252","2","50",NA
"253","2","50",NA
"254","2","50",NA
"255","2","50",NA
"256","2","50",NA
"257","2","50",NA
"258","2","50",NA
"259","2","50",NA
"260","2","50",NA
"261","2","50",NA
"262","2","50",NA
"263","2","50",NA
"264","2","50",NA
"265","2","50",NA
"266","2","50",NA
"267","2","50",NA
"268","2","50",NA
"269","2","50",NA
"270","2","50",NA
"271","2","50",NA
"272","2","50",NA
"273","2","50",NA
"274","2","50",NA
"275","2","50",NA
"276","2","50",NA
"277","2","50",NA
"278","2","50",NA
"279","2","50",NA
"280","2","50",NA
"281","2","50",NA
"282","2","50",NA
"283","2","50",NA
"284","2","50",NA
"285","2","50",NA
"286","2","50",NA
"287","2","50",NA
"288","2","50",NA
"289","2","50",NA
"290","2","50",NA
"291","2","50",NA
"292","2","50",NA
"293","2","50",NA
"294","2","50",NA
"295","2","50",NA
"296","2","50",NA
"297","2","50",NA
"298","2","50",NA
"299","2","50",NA
"300","2","50",NA
"301","2","50",NA
"302","2","50",NA
"303","2","50",NA
"304","2","50",NA
"305","2","50",NA
"306","2","50",NA
"307","2","50",NA
"308","2","50",NA
"309","2","50",NA
"310","2","50",NA
"311","2","50",NA
"312","2","50",NA
"313","2","50",NA
"314","2","50",NA
"315","2","50",NA
"316","2","50",NA
"317","2","50",NA
"318","2","50",NA
"319","2","50",NA
"320","2","50",NA
"321","2","50",NA
"322","2","50",NA
"323","2","50",NA
"324","2","50",NA
"325","2","50",NA
"326","2","50",NA
"327","2","50",NA
"328","2","50",NA
"329","2","50",NA
"330","2","50",NA
"331","2","50",NA
"332","2","50",NA
"333","2","50",NA
"334","2","50",NA
"335","2","50",NA
"336","2","50",NA
"337","2","50",NA
"338","2","50",NA
"339","2","50",NA
"340","2","50",NA
"341","2","50",NA
"342","2","50",NA
"343","2","50",NA
"344","2","50",NA
"345","2","50",NA
"346","2","50",NA
"347","2","50",NA
"348","2","50",NA
"349","2","50",NA
"350","2","50",NA
"351","2","50",NA
"352","2","50",NA
"353","2","50",NA
"354","2","50",NA
"355","2","50",NA
"356","2","50",NA
"357","2","50",NA
"358","2","50",NA
"359","2","50",NA
"360","2","50",NA
"361","2","50",NA
"362","2","50",NA
"363","2","50",NA
"364","2","50",NA
"365","2","50",NA
"366","2","50",NA
"367","2","50",NA
"368","2","50",NA
"369","2","50",NA
"370","2","50",NA
"371","2","50",NA
"372","2","50",NA
"373","2","50",NA
"374","2","50",NA
"375","2","50",NA
"376","2","50",NA
"377","2","50",NA
"378","2","50",NA
"379","2","50",NA
"380","2","50",NA
"381","2","50",NA
"382","2","50",NA
"383","2","50",NA
"384","2","50",NA
"385","2","50",NA
"386","2","50",NA
"387","2","50",NA
"388","2","50",NA
"389","2","50",NA
"390","2","50",NA
"391","2","50",NA
"392","2","50",NA
"393","2","50",NA
"394","2","50",NA
"395","2","50",NA
"396","2","50",NA
"397","2","50",NA
"398","2","50",NA
"399","2","50",NA
"400","2","50",NA
"401","2","50",NA
"402","2","50",NA
"403","2","50",NA
"404","2","50",NA
"405","2","50",NA
"406","2","50",NA
"407","2","50",NA
"408","2","50",NA
"409","2","50",NA
"410","2","50",NA
"411","2","50",NA
"412","2","50",NA
"413","2","50",NA
"414","2","50",NA
"415","2","50",NA
"416","2","50",NA
"417","2","50",NA
"418","2","50",NA
"419","2","50",NA
"420","2","50",NA
"421","2","50",NA
"422","2","50",NA
"423","2","50",NA
"424","2","50",NA
"425","2","50",NA
"426","2","50",NA
"427","2","50",NA
"428","2","50",NA
"429","2","50",NA
"430","2","50",NA
"431","2","50",NA
"432","2","50",NA
"433","2","50",NA
"434","2","50",NA
"435","2","50",NA
"436","2","50",NA
"437","2","50",NA
"438","2","50",NA
"439","2","50",NA
"440","2","50",NA
"441","2","50",NA
"442","2","50",NA
"443","2","50",NA
"444","2","50",NA
"445","2","50",NA
"446","2","50",NA
"447","2","50",NA
"448","2","50",NA
"449","2","50",NA
"450","2","50",NA
"451","2","50",NA
"452","2","50",NA
"453","2","50",NA
"454","2","50",NA
"455","2","50",NA
"456","2","50",NA
"457","2","50",NA
"458","2","50",NA
"459","2","50",NA
"460","2","50",NA
"461","2","50",NA
"462","2","50",NA
"463","2","50",NA
"464","2","50",NA
"465","2","50",NA
"466","2","50",NA
"467","2","50",NA
"468","2","50",NA
"469","2","50",NA
"470","2","50",NA
"471","2","50",NA
"472","2","50",NA
"473","2","50",NA
"474","2","50",NA
"475","2","50",NA
"476","2","50",NA
"477","2","50",NA
"478","2","50",NA
"479","2","50",NA
"480","2","50",NA
"481","2","50",NA
"482","2","50",NA
"483","2","50",NA
"484","2","50",NA
"485","2","50",NA
"486","2","50",NA
"487","2","50",NA
"488","2","50",NA
"489","2","50",NA
"490","2","50",NA
"491","2","50",NA
"492","2","50",NA
"493","2","50",NA
"494","2","50",NA
"495","2","50",NA
"496","2","50",NA
"497","2","50",NA
"498","2","50",NA
"499","2","50",NA
"500","2","50",NA
"1","3","50",0.00410517454417329
"2","3","50",NA
"3","3","50",NA
"4","3","50",NA
"5","3","50",NA
"6","3","50",NA
"7","3","50",NA
"8","3","50",NA
"9","3","50",NA
"10","3","50",NA
"11","3","50",NA
"12","3","50",NA
"13","3","50",NA
"14","3","50",NA
"15","3","50",NA
"16","3","50",NA
"17","3","50",NA
"18","3","50",NA
"19","3","50",NA
"20","3","50",NA
"21","3","50",NA
"22","3","50",NA
"23","3","50",NA
"24","3","50",NA
"25","3","50",NA
"26","3","50",NA
"27","3","50",NA
"28","3","50",NA
"29","3","50",NA
"30","3","50",NA
"31","3","50",NA
"32","3","50",NA
"33","3","50",NA
"34","3","50",NA
"35","3","50",NA
"36","3","50",NA
"37","3","50",NA
"38","3","50",NA
"39","3","50",NA
"40","3","50",NA
"41","3","50",NA
"42","3","50",NA
"43","3","50",NA
"44","3","50",NA
"45","3","50",NA
"46","3","50",NA
"47","3","50",NA
"48","3","50",NA
"49","3","50",NA
"50","3","50",NA
"51","3","50",NA
"52","3","50",NA
"53","3","50",NA
"54","3","50",NA
"55","3","50",NA
"56","3","50",NA
"57","3","50",NA
"58","3","50",NA
"59","3","50",NA
"60","3","50",NA
"61","3","50",NA
"62","3","50",NA
"63","3","50",NA
"64","3","50",NA
"65","3","50",NA
"66","3","50",NA
"67","3","50",NA
"68","3","50",NA
"69","3","50",NA
"70","3","50",NA
"71","3","50",NA
"72","3","50",NA
"73","3","50",NA
"74","3","50",NA
"75","3","50",NA
"76","3","50",NA
"77","3","50",NA
"78","3","50",NA
"79","3","50",NA
"80","3","50",NA
"81","3","50",NA
"82","3","50",NA
"83","3","50",NA
"84","3","50",NA
"85","3","50",NA
"86","3","50",NA
"87","3","50",NA
"88","3","50",NA
"89","3","50",NA
"90","3","50",NA
"91","3","50",NA
"92","3","50",NA
"93","3","50",NA
"94","3","50",NA
"95","3","50",NA
"96","3","50",NA
"97","3","50",NA
"98","3","50",NA
"99","3","50",NA
"100","3","50",NA
"101","3","50",NA
"102","3","50",NA
"103","3","50",NA
"104","3","50",NA
"105","3","50",NA
"106","3","50",NA
"107","3","50",NA
"108","3","50",NA
"109","3","50",NA
"110","3","50",NA
"111","3","50",NA
"112","3","50",NA
"113","3","50",NA
"114","3","50",NA
"115","3","50",NA
"116","3","50",NA
"117","3","50",NA
"118","3","50",NA
"119","3","50",NA
"120","3","50",NA
"121","3","50",NA
"122","3","50",NA
"123","3","50",NA
"124","3","50",NA
"125","3","50",NA
"126","3","50",NA
"127","3","50",NA
"128","3","50",NA
"129","3","50",NA
"130","3","50",NA
"131","3","50",NA
"132","3","50",NA
"133","3","50",NA
"134","3","50",NA
"135","3","50",NA
"136","3","50",NA
"137","3","50",NA
"138","3","50",NA
"139","3","50",NA
"140","3","50",NA
"141","3","50",NA
"142","3","50",NA
"143","3","50",NA
"144","3","50",NA
"145","3","50",NA
"146","3","50",NA
"147","3","50",NA
"148","3","50",NA
"149","3","50",NA
"150","3","50",NA
"151","3","50",NA
"152","3","50",NA
"153","3","50",NA
"154","3","50",NA
"155","3","50",NA
"156","3","50",NA
"157","3","50",NA
"158","3","50",NA
"159","3","50",NA
"160","3","50",NA
"161","3","50",NA
"162","3","50",NA
"163","3","50",NA
"164","3","50",NA
"165","3","50",NA
"166","3","50",NA
"167","3","50",NA
"168","3","50",NA
"169","3","50",NA
"170","3","50",NA
"171","3","50",NA
"172","3","50",NA
"173","3","50",NA
"174","3","50",NA
"175","3","50",NA
"176","3","50",NA
"177","3","50",NA
"178","3","50",NA
"179","3","50",NA
"180","3","50",NA
"181","3","50",NA
"182","3","50",NA
"183","3","50",NA
"184","3","50",NA
"185","3","50",NA
"186","3","50",NA
"187","3","50",NA
"188","3","50",NA
"189","3","50",NA
"190","3","50",NA
"191","3","50",NA
"192","3","50",NA
"193","3","50",NA
"194","3","50",NA
"195","3","50",NA
"196","3","50",NA
"197","3","50",NA
"198","3","50",NA
"199","3","50",NA
"200","3","50",NA
"201","3","50",NA
"202","3","50",NA
"203","3","50",NA
"204","3","50",NA
"205","3","50",NA
"206","3","50",NA
"207","3","50",NA
"208","3","50",NA
"209","3","50",NA
"210","3","50",NA
"211","3","50",NA
"212","3","50",NA
"213","3","50",NA
"214","3","50",NA
"215","3","50",NA
"216","3","50",NA
"217","3","50",NA
"218","3","50",NA
"219","3","50",NA
"220","3","50",NA
"221","3","50",NA
"222","3","50",NA
"223","3","50",NA
"224","3","50",NA
"225","3","50",NA
"226","3","50",NA
"227","3","50",NA
"228","3","50",NA
"229","3","50",NA
"230","3","50",NA
"231","3","50",NA
"232","3","50",NA
"233","3","50",NA
"234","3","50",NA
"235","3","50",NA
"236","3","50",NA
"237","3","50",NA
"238","3","50",NA
"239","3","50",NA
"240","3","50",NA
"241","3","50",NA
"242","3","50",NA
"243","3","50",NA
"244","3","50",NA
"245","3","50",NA
"246","3","50",NA
"247","3","50",NA
"248","3","50",NA
"249","3","50",NA
"250","3","50",NA
"251","3","50",NA
"252","3","50",NA
"253","3","50",NA
"254","3","50",NA
"255","3","50",NA
"256","3","50",NA
"257","3","50",NA
"258","3","50",NA
"259","3","50",NA
"260","3","50",NA
"261","3","50",NA
"262","3","50",NA
"263","3","50",NA
"264","3","50",NA
"265","3","50",NA
"266","3","50",NA
"267","3","50",NA
"268","3","50",NA
"269","3","50",NA
"270","3","50",NA
"271","3","50",NA
"272","3","50",NA
"273","3","50",NA
"274","3","50",NA
"275","3","50",NA
"276","3","50",NA
"277","3","50",NA
"278","3","50",NA
"279","3","50",NA
"280","3","50",NA
"281","3","50",NA
"282","3","50",NA
"283","3","50",NA
"284","3","50",NA
"285","3","50",NA
"286","3","50",NA
"287","3","50",NA
"288","3","50",NA
"289","3","50",NA
"290","3","50",NA
"291","3","50",NA
"292","3","50",NA
"293","3","50",NA
"294","3","50",NA
"295","3","50",NA
"296","3","50",NA
"297","3","50",NA
"298","3","50",NA
"299","3","50",NA
"300","3","50",NA
"301","3","50",NA
"302","3","50",NA
"303","3","50",NA
"304","3","50",NA
"305","3","50",NA
"306","3","50",NA
"307","3","50",NA
"308","3","50",NA
"309","3","50",NA
"310","3","50",NA
"311","3","50",NA
"312","3","50",NA
"313","3","50",NA
"314","3","50",NA
"315","3","50",NA
"316","3","50",NA
"317","3","50",NA
"318","3","50",NA
"319","3","50",NA
"320","3","50",NA
"321","3","50",NA
"322","3","50",NA
"323","3","50",NA
"324","3","50",NA
"325","3","50",NA
"326","3","50",NA
"327","3","50",NA
"328","3","50",NA
"329","3","50",NA
"330","3","50",NA
"331","3","50",NA
"332","3","50",NA
"333","3","50",NA
"334","3","50",NA
"335","3","50",NA
"336","3","50",NA
"337","3","50",NA
"338","3","50",NA
"339","3","50",NA
"340","3","50",NA
"341","3","50",NA
"342","3","50",NA
"343","3","50",NA
"344","3","50",NA
"345","3","50",NA
"346","3","50",NA
"347","3","50",NA
"348","3","50",NA
"349","3","50",NA
"350","3","50",NA
"351","3","50",NA
"352","3","50",NA
"353","3","50",NA
"354","3","50",NA
"355","3","50",NA
"356","3","50",NA
"357","3","50",NA
"358","3","50",NA
"359","3","50",NA
"360","3","50",NA
"361","3","50",NA
"362","3","50",NA
"363","3","50",NA
"364","3","50",NA
"365","3","50",NA
"366","3","50",NA
"367","3","50",NA
"368","3","50",NA
"369","3","50",NA
"370","3","50",NA
"371","3","50",NA
"372","3","50",NA
"373","3","50",NA
"374","3","50",NA
"375","3","50",NA
"376","3","50",NA
"377","3","50",NA
"378","3","50",NA
"379","3","50",NA
"380","3","50",NA
"381","3","50",NA
"382","3","50",NA
"383","3","50",NA
"384","3","50",NA
"385","3","50",NA
"386","3","50",NA
"387","3","50",NA
"388","3","50",NA
"389","3","50",NA
"390","3","50",NA
"391","3","50",NA
"392","3","50",NA
"393","3","50",NA
"394","3","50",NA
"395","3","50",NA
"396","3","50",NA
"397","3","50",NA
"398","3","50",NA
"399","3","50",NA
"400","3","50",NA
"401","3","50",NA
"402","3","50",NA
"403","3","50",NA
"404","3","50",NA
"405","3","50",NA
"406","3","50",NA
"407","3","50",NA
"408","3","50",NA
"409","3","50",NA
"410","3","50",NA
"411","3","50",NA
"412","3","50",NA
"413","3","50",NA
"414","3","50",NA
"415","3","50",NA
"416","3","50",NA
"417","3","50",NA
"418","3","50",NA
"419","3","50",NA
"420","3","50",NA
"421","3","50",NA
"422","3","50",NA
"423","3","50",NA
"424","3","50",NA
"425","3","50",NA
"426","3","50",NA
"427","3","50",NA
"428","3","50",NA
"429","3","50",NA
"430","3","50",NA
"431","3","50",NA
"432","3","50",NA
"433","3","50",NA
"434","3","50",NA
"435","3","50",NA
"436","3","50",NA
"437","3","50",NA
"438","3","50",NA
"439","3","50",NA
"440","3","50",NA
"441","3","50",NA
"442","3","50",NA
"443","3","50",NA
"444","3","50",NA
"445","3","50",NA
"446","3","50",NA
"447","3","50",NA
"448","3","50",NA
"449","3","50",NA
"450","3","50",NA
"451","3","50",NA
"452","3","50",NA
"453","3","50",NA
"454","3","50",NA
"455","3","50",NA
"456","3","50",NA
"457","3","50",NA
"458","3","50",NA
"459","3","50",NA
"460","3","50",NA
"461","3","50",NA
"462","3","50",NA
"463","3","50",NA
"464","3","50",NA
"465","3","50",NA
"466","3","50",NA
"467","3","50",NA
"468","3","50",NA
"469","3","50",NA
"470","3","50",NA
"471","3","50",NA
"472","3","50",NA
"473","3","50",NA
"474","3","50",NA
"475","3","50",NA
"476","3","50",NA
"477","3","50",NA
"478","3","50",NA
"479","3","50",NA
"480","3","50",NA
"481","3","50",NA
"482","3","50",NA
"483","3","50",NA
"484","3","50",NA
"485","3","50",NA
"486","3","50",NA
"487","3","50",NA
"488","3","50",NA
"489","3","50",NA
"490","3","50",NA
"491","3","50",NA
"492","3","50",NA
"493","3","50",NA
"494","3","50",NA
"495","3","50",NA
"496","3","50",NA
"497","3","50",NA
"498","3","50",NA
"499","3","50",NA
"500","3","50",NA
"1","4","50",0.00407089420000382
"2","4","50",NA
"3","4","50",NA
"4","4","50",NA
"5","4","50",NA
"6","4","50",NA
"7","4","50",NA
"8","4","50",NA
"9","4","50",NA
"10","4","50",NA
"11","4","50",NA
"12","4","50",NA
"13","4","50",NA
"14","4","50",NA
"15","4","50",NA
"16","4","50",NA
"17","4","50",NA
"18","4","50",NA
"19","4","50",NA
"20","4","50",NA
"21","4","50",NA
"22","4","50",NA
"23","4","50",NA
"24","4","50",NA
"25","4","50",NA
"26","4","50",NA
"27","4","50",NA
"28","4","50",NA
"29","4","50",NA
"30","4","50",NA
"31","4","50",NA
"32","4","50",NA
"33","4","50",NA
"34","4","50",NA
"35","4","50",NA
"36","4","50",NA
"37","4","50",NA
"38","4","50",NA
"39","4","50",NA
"40","4","50",NA
"41","4","50",NA
"42","4","50",NA
"43","4","50",NA
"44","4","50",NA
"45","4","50",NA
"46","4","50",NA
"47","4","50",NA
"48","4","50",NA
"49","4","50",NA
"50","4","50",NA
"51","4","50",NA
"52","4","50",NA
"53","4","50",NA
"54","4","50",NA
"55","4","50",NA
"56","4","50",NA
"57","4","50",NA
"58","4","50",NA
"59","4","50",NA
"60","4","50",NA
"61","4","50",NA
"62","4","50",NA
"63","4","50",NA
"64","4","50",NA
"65","4","50",NA
"66","4","50",NA
"67","4","50",NA
"68","4","50",NA
"69","4","50",NA
"70","4","50",NA
"71","4","50",NA
"72","4","50",NA
"73","4","50",NA
"74","4","50",NA
"75","4","50",NA
"76","4","50",NA
"77","4","50",NA
"78","4","50",NA
"79","4","50",NA
"80","4","50",NA
"81","4","50",NA
"82","4","50",NA
"83","4","50",NA
"84","4","50",NA
"85","4","50",NA
"86","4","50",NA
"87","4","50",NA
"88","4","50",NA
"89","4","50",NA
"90","4","50",NA
"91","4","50",NA
"92","4","50",NA
"93","4","50",NA
"94","4","50",NA
"95","4","50",NA
"96","4","50",NA
"97","4","50",NA
"98","4","50",NA
"99","4","50",NA
"100","4","50",NA
"101","4","50",NA
"102","4","50",NA
"103","4","50",NA
"104","4","50",NA
"105","4","50",NA
"106","4","50",NA
"107","4","50",NA
"108","4","50",NA
"109","4","50",NA
"110","4","50",NA
"111","4","50",NA
"112","4","50",NA
"113","4","50",NA
"114","4","50",NA
"115","4","50",NA
"116","4","50",NA
"117","4","50",NA
"118","4","50",NA
"119","4","50",NA
"120","4","50",NA
"121","4","50",NA
"122","4","50",NA
"123","4","50",NA
"124","4","50",NA
"125","4","50",NA
"126","4","50",NA
"127","4","50",NA
"128","4","50",NA
"129","4","50",NA
"130","4","50",NA
"131","4","50",NA
"132","4","50",NA
"133","4","50",NA
"134","4","50",NA
"135","4","50",NA
"136","4","50",NA
"137","4","50",NA
"138","4","50",NA
"139","4","50",NA
"140","4","50",NA
"141","4","50",NA
"142","4","50",NA
"143","4","50",NA
"144","4","50",NA
"145","4","50",NA
"146","4","50",NA
"147","4","50",NA
"148","4","50",NA
"149","4","50",NA
"150","4","50",NA
"151","4","50",NA
"152","4","50",NA
"153","4","50",NA
"154","4","50",NA
"155","4","50",NA
"156","4","50",NA
"157","4","50",NA
"158","4","50",NA
"159","4","50",NA
"160","4","50",NA
"161","4","50",NA
"162","4","50",NA
"163","4","50",NA
"164","4","50",NA
"165","4","50",NA
"166","4","50",NA
"167","4","50",NA
"168","4","50",NA
"169","4","50",NA
"170","4","50",NA
"171","4","50",NA
"172","4","50",NA
"173","4","50",NA
"174","4","50",NA
"175","4","50",NA
"176","4","50",NA
"177","4","50",NA
"178","4","50",NA
"179","4","50",NA
"180","4","50",NA
"181","4","50",NA
"182","4","50",NA
"183","4","50",NA
"184","4","50",NA
"185","4","50",NA
"186","4","50",NA
"187","4","50",NA
"188","4","50",NA
"189","4","50",NA
"190","4","50",NA
"191","4","50",NA
"192","4","50",NA
"193","4","50",NA
"194","4","50",NA
"195","4","50",NA
"196","4","50",NA
"197","4","50",NA
"198","4","50",NA
"199","4","50",NA
"200","4","50",NA
"201","4","50",NA
"202","4","50",NA
"203","4","50",NA
"204","4","50",NA
"205","4","50",NA
"206","4","50",NA
"207","4","50",NA
"208","4","50",NA
"209","4","50",NA
"210","4","50",NA
"211","4","50",NA
"212","4","50",NA
"213","4","50",NA
"214","4","50",NA
"215","4","50",NA
"216","4","50",NA
"217","4","50",NA
"218","4","50",NA
"219","4","50",NA
"220","4","50",NA
"221","4","50",NA
"222","4","50",NA
"223","4","50",NA
"224","4","50",NA
"225","4","50",NA
"226","4","50",NA
"227","4","50",NA
"228","4","50",NA
"229","4","50",NA
"230","4","50",NA
"231","4","50",NA
"232","4","50",NA
"233","4","50",NA
"234","4","50",NA
"235","4","50",NA
"236","4","50",NA
"237","4","50",NA
"238","4","50",NA
"239","4","50",NA
"240","4","50",NA
"241","4","50",NA
"242","4","50",NA
"243","4","50",NA
"244","4","50",NA
"245","4","50",NA
"246","4","50",NA
"247","4","50",NA
"248","4","50",NA
"249","4","50",NA
"250","4","50",NA
"251","4","50",NA
"252","4","50",NA
"253","4","50",NA
"254","4","50",NA
"255","4","50",NA
"256","4","50",NA
"257","4","50",NA
"258","4","50",NA
"259","4","50",NA
"260","4","50",NA
"261","4","50",NA
"262","4","50",NA
"263","4","50",NA
"264","4","50",NA
"265","4","50",NA
"266","4","50",NA
"267","4","50",NA
"268","4","50",NA
"269","4","50",NA
"270","4","50",NA
"271","4","50",NA
"272","4","50",NA
"273","4","50",NA
"274","4","50",NA
"275","4","50",NA
"276","4","50",NA
"277","4","50",NA
"278","4","50",NA
"279","4","50",NA
"280","4","50",NA
"281","4","50",NA
"282","4","50",NA
"283","4","50",NA
"284","4","50",NA
"285","4","50",NA
"286","4","50",NA
"287","4","50",NA
"288","4","50",NA
"289","4","50",NA
"290","4","50",NA
"291","4","50",NA
"292","4","50",NA
"293","4","50",NA
"294","4","50",NA
"295","4","50",NA
"296","4","50",NA
"297","4","50",NA
"298","4","50",NA
"299","4","50",NA
"300","4","50",NA
"301","4","50",NA
"302","4","50",NA
"303","4","50",NA
"304","4","50",NA
"305","4","50",NA
"306","4","50",NA
"307","4","50",NA
"308","4","50",NA
"309","4","50",NA
"310","4","50",NA
"311","4","50",NA
"312","4","50",NA
"313","4","50",NA
"314","4","50",NA
"315","4","50",NA
"316","4","50",NA
"317","4","50",NA
"318","4","50",NA
"319","4","50",NA
"320","4","50",NA
"321","4","50",NA
"322","4","50",NA
"323","4","50",NA
"324","4","50",NA
"325","4","50",NA
"326","4","50",NA
"327","4","50",NA
"328","4","50",NA
"329","4","50",NA
"330","4","50",NA
"331","4","50",NA
"332","4","50",NA
"333","4","50",NA
"334","4","50",NA
"335","4","50",NA
"336","4","50",NA
"337","4","50",NA
"338","4","50",NA
"339","4","50",NA
"340","4","50",NA
"341","4","50",NA
"342","4","50",NA
"343","4","50",NA
"344","4","50",NA
"345","4","50",NA
"346","4","50",NA
"347","4","50",NA
"348","4","50",NA
"349","4","50",NA
"350","4","50",NA
"351","4","50",NA
"352","4","50",NA
"353","4","50",NA
"354","4","50",NA
"355","4","50",NA
"356","4","50",NA
"357","4","50",NA
"358","4","50",NA
"359","4","50",NA
"360","4","50",NA
"361","4","50",NA
"362","4","50",NA
"363","4","50",NA
"364","4","50",NA
"365","4","50",NA
"366","4","50",NA
"367","4","50",NA
"368","4","50",NA
"369","4","50",NA
"370","4","50",NA
"371","4","50",NA
"372","4","50",NA
"373","4","50",NA
"374","4","50",NA
"375","4","50",NA
"376","4","50",NA
"377","4","50",NA
"378","4","50",NA
"379","4","50",NA
"380","4","50",NA
"381","4","50",NA
"382","4","50",NA
"383","4","50",NA
"384","4","50",NA
"385","4","50",NA
"386","4","50",NA
"387","4","50",NA
"388","4","50",NA
"389","4","50",NA
"390","4","50",NA
"391","4","50",NA
"392","4","50",NA
"393","4","50",NA
"394","4","50",NA
"395","4","50",NA
"396","4","50",NA
"397","4","50",NA
"398","4","50",NA
"399","4","50",NA
"400","4","50",NA
"401","4","50",NA
"402","4","50",NA
"403","4","50",NA
"404","4","50",NA
"405","4","50",NA
"406","4","50",NA
"407","4","50",NA
"408","4","50",NA
"409","4","50",NA
"410","4","50",NA
"411","4","50",NA
"412","4","50",NA
"413","4","50",NA
"414","4","50",NA
"415","4","50",NA
"416","4","50",NA
"417","4","50",NA
"418","4","50",NA
"419","4","50",NA
"420","4","50",NA
"421","4","50",NA
"422","4","50",NA
"423","4","50",NA
"424","4","50",NA
"425","4","50",NA
"426","4","50",NA
"427","4","50",NA
"428","4","50",NA
"429","4","50",NA
"430","4","50",NA
"431","4","50",NA
"432","4","50",NA
"433","4","50",NA
"434","4","50",NA
"435","4","50",NA
"436","4","50",NA
"437","4","50",NA
"438","4","50",NA
"439","4","50",NA
"440","4","50",NA
"441","4","50",NA
"442","4","50",NA
"443","4","50",NA
"444","4","50",NA
"445","4","50",NA
"446","4","50",NA
"447","4","50",NA
"448","4","50",NA
"449","4","50",NA
"450","4","50",NA
"451","4","50",NA
"452","4","50",NA
"453","4","50",NA
"454","4","50",NA
"455","4","50",NA
"456","4","50",NA
"457","4","50",NA
"458","4","50",NA
"459","4","50",NA
"460","4","50",NA
"461","4","50",NA
"462","4","50",NA
"463","4","50",NA
"464","4","50",NA
"465","4","50",NA
"466","4","50",NA
"467","4","50",NA
"468","4","50",NA
"469","4","50",NA
"470","4","50",NA
"471","4","50",NA
"472","4","50",NA
"473","4","50",NA
"474","4","50",NA
"475","4","50",NA
"476","4","50",NA
"477","4","50",NA
"478","4","50",NA
"479","4","50",NA
"480","4","50",NA
"481","4","50",NA
"482","4","50",NA
"483","4","50",NA
"484","4","50",NA
"485","4","50",NA
"486","4","50",NA
"487","4","50",NA
"488","4","50",NA
"489","4","50",NA
"490","4","50",NA
"491","4","50",NA
"492","4","50",NA
"493","4","50",NA
"494","4","50",NA
"495","4","50",NA
"496","4","50",NA
"497","4","50",NA
"498","4","50",NA
"499","4","50",NA
"500","4","50",NA
"1","5","50",1.76950249078933e-05
"2","5","50",NA
"3","5","50",NA
"4","5","50",NA
"5","5","50",NA
"6","5","50",NA
"7","5","50",NA
"8","5","50",NA
"9","5","50",NA
"10","5","50",NA
"11","5","50",NA
"12","5","50",NA
"13","5","50",NA
"14","5","50",NA
"15","5","50",NA
"16","5","50",NA
"17","5","50",NA
"18","5","50",NA
"19","5","50",NA
"20","5","50",NA
"21","5","50",NA
"22","5","50",NA
"23","5","50",NA
"24","5","50",NA
"25","5","50",NA
"26","5","50",NA
"27","5","50",NA
"28","5","50",NA
"29","5","50",NA
"30","5","50",NA
"31","5","50",NA
"32","5","50",NA
"33","5","50",NA
"34","5","50",NA
"35","5","50",NA
"36","5","50",NA
"37","5","50",NA
"38","5","50",NA
"39","5","50",NA
"40","5","50",NA
"41","5","50",NA
"42","5","50",NA
"43","5","50",NA
"44","5","50",NA
"45","5","50",NA
"46","5","50",NA
"47","5","50",NA
"48","5","50",NA
"49","5","50",NA
"50","5","50",NA
"51","5","50",NA
"52","5","50",NA
"53","5","50",NA
"54","5","50",NA
"55","5","50",NA
"56","5","50",NA
"57","5","50",NA
"58","5","50",NA
"59","5","50",NA
"60","5","50",NA
"61","5","50",NA
"62","5","50",NA
"63","5","50",NA
"64","5","50",NA
"65","5","50",NA
"66","5","50",NA
"67","5","50",NA
"68","5","50",NA
"69","5","50",NA
"70","5","50",NA
"71","5","50",NA
"72","5","50",NA
"73","5","50",NA
"74","5","50",NA
"75","5","50",NA
"76","5","50",NA
"77","5","50",NA
"78","5","50",NA
"79","5","50",NA
"80","5","50",NA
"81","5","50",NA
"82","5","50",NA
"83","5","50",NA
"84","5","50",NA
"85","5","50",NA
"86","5","50",NA
"87","5","50",NA
"88","5","50",NA
"89","5","50",NA
"90","5","50",NA
"91","5","50",NA
"92","5","50",NA
"93","5","50",NA
"94","5","50",NA
"95","5","50",NA
"96","5","50",NA
"97","5","50",NA
"98","5","50",NA
"99","5","50",NA
"100","5","50",NA
"101","5","50",NA
"102","5","50",NA
"103","5","50",NA
"104","5","50",NA
"105","5","50",NA
"106","5","50",NA
"107","5","50",NA
"108","5","50",NA
"109","5","50",NA
"110","5","50",NA
"111","5","50",NA
"112","5","50",NA
"113","5","50",NA
"114","5","50",NA
"115","5","50",NA
"116","5","50",NA
"117","5","50",NA
"118","5","50",NA
"119","5","50",NA
"120","5","50",NA
"121","5","50",NA
"122","5","50",NA
"123","5","50",NA
"124","5","50",NA
"125","5","50",NA
"126","5","50",NA
"127","5","50",NA
"128","5","50",NA
"129","5","50",NA
"130","5","50",NA
"131","5","50",NA
"132","5","50",NA
"133","5","50",NA
"134","5","50",NA
"135","5","50",NA
"136","5","50",NA
"137","5","50",NA
"138","5","50",NA
"139","5","50",NA
"140","5","50",NA
"141","5","50",NA
"142","5","50",NA
"143","5","50",NA
"144","5","50",NA
"145","5","50",NA
"146","5","50",NA
"147","5","50",NA
"148","5","50",NA
"149","5","50",NA
"150","5","50",NA
"151","5","50",NA
"152","5","50",NA
"153","5","50",NA
"154","5","50",NA
"155","5","50",NA
"156","5","50",NA
"157","5","50",NA
"158","5","50",NA
"159","5","50",NA
"160","5","50",NA
"161","5","50",NA
"162","5","50",NA
"163","5","50",NA
"164","5","50",NA
"165","5","50",NA
"166","5","50",NA
"167","5","50",NA
"168","5","50",NA
"169","5","50",NA
"170","5","50",NA
"171","5","50",NA
"172","5","50",NA
"173","5","50",NA
"174","5","50",NA
"175","5","50",NA
"176","5","50",NA
"177","5","50",NA
"178","5","50",NA
"179","5","50",NA
"180","5","50",NA
"181","5","50",NA
"182","5","50",NA
"183","5","50",NA
"184","5","50",NA
"185","5","50",NA
"186","5","50",NA
"187","5","50",NA
"188","5","50",NA
"189","5","50",NA
"190","5","50",NA
"191","5","50",NA
"192","5","50",NA
"193","5","50",NA
"194","5","50",NA
"195","5","50",NA
"196","5","50",NA
"197","5","50",NA
"198","5","50",NA
"199","5","50",NA
"200","5","50",NA
"201","5","50",NA
"202","5","50",NA
"203","5","50",NA
"204","5","50",NA
"205","5","50",NA
"206","5","50",NA
"207","5","50",NA
"208","5","50",NA
"209","5","50",NA
"210","5","50",NA
"211","5","50",NA
"212","5","50",NA
"213","5","50",NA
"214","5","50",NA
"215","5","50",NA
"216","5","50",NA
"217","5","50",NA
"218","5","50",NA
"219","5","50",NA
"220","5","50",NA
"221","5","50",NA
"222","5","50",NA
"223","5","50",NA
"224","5","50",NA
"225","5","50",NA
"226","5","50",NA
"227","5","50",NA
"228","5","50",NA
"229","5","50",NA
"230","5","50",NA
"231","5","50",NA
"232","5","50",NA
"233","5","50",NA
"234","5","50",NA
"235","5","50",NA
"236","5","50",NA
"237","5","50",NA
"238","5","50",NA
"239","5","50",NA
"240","5","50",NA
"241","5","50",NA
"242","5","50",NA
"243","5","50",NA
"244","5","50",NA
"245","5","50",NA
"246","5","50",NA
"247","5","50",NA
"248","5","50",NA
"249","5","50",NA
"250","5","50",NA
"251","5","50",NA
"252","5","50",NA
"253","5","50",NA
"254","5","50",NA
"255","5","50",NA
"256","5","50",NA
"257","5","50",NA
"258","5","50",NA
"259","5","50",NA
"260","5","50",NA
"261","5","50",NA
"262","5","50",NA
"263","5","50",NA
"264","5","50",NA
"265","5","50",NA
"266","5","50",NA
"267","5","50",NA
"268","5","50",NA
"269","5","50",NA
"270","5","50",NA
"271","5","50",NA
"272","5","50",NA
"273","5","50",NA
"274","5","50",NA
"275","5","50",NA
"276","5","50",NA
"277","5","50",NA
"278","5","50",NA
"279","5","50",NA
"280","5","50",NA
"281","5","50",NA
"282","5","50",NA
"283","5","50",NA
"284","5","50",NA
"285","5","50",NA
"286","5","50",NA
"287","5","50",NA
"288","5","50",NA
"289","5","50",NA
"290","5","50",NA
"291","5","50",NA
"292","5","50",NA
"293","5","50",NA
"294","5","50",NA
"295","5","50",NA
"296","5","50",NA
"297","5","50",NA
"298","5","50",NA
"299","5","50",NA
"300","5","50",NA
"301","5","50",NA
"302","5","50",NA
"303","5","50",NA
"304","5","50",NA
"305","5","50",NA
"306","5","50",NA
"307","5","50",NA
"308","5","50",NA
"309","5","50",NA
"310","5","50",NA
"311","5","50",NA
"312","5","50",NA
"313","5","50",NA
"314","5","50",NA
"315","5","50",NA
"316","5","50",NA
"317","5","50",NA
"318","5","50",NA
"319","5","50",NA
"320","5","50",NA
"321","5","50",NA
"322","5","50",NA
"323","5","50",NA
"324","5","50",NA
"325","5","50",NA
"326","5","50",NA
"327","5","50",NA
"328","5","50",NA
"329","5","50",NA
"330","5","50",NA
"331","5","50",NA
"332","5","50",NA
"333","5","50",NA
"334","5","50",NA
"335","5","50",NA
"336","5","50",NA
"337","5","50",NA
"338","5","50",NA
"339","5","50",NA
"340","5","50",NA
"341","5","50",NA
"342","5","50",NA
"343","5","50",NA
"344","5","50",NA
"345","5","50",NA
"346","5","50",NA
"347","5","50",NA
"348","5","50",NA
"349","5","50",NA
"350","5","50",NA
"351","5","50",NA
"352","5","50",NA
"353","5","50",NA
"354","5","50",NA
"355","5","50",NA
"356","5","50",NA
"357","5","50",NA
"358","5","50",NA
"359","5","50",NA
"360","5","50",NA
"361","5","50",NA
"362","5","50",NA
"363","5","50",NA
"364","5","50",NA
"365","5","50",NA
"366","5","50",NA
"367","5","50",NA
"368","5","50",NA
"369","5","50",NA
"370","5","50",NA
"371","5","50",NA
"372","5","50",NA
"373","5","50",NA
"374","5","50",NA
"375","5","50",NA
"376","5","50",NA
"377","5","50",NA
"378","5","50",NA
"379","5","50",NA
"380","5","50",NA
"381","5","50",NA
"382","5","50",NA
"383","5","50",NA
"384","5","50",NA
"385","5","50",NA
"386","5","50",NA
"387","5","50",NA
"388","5","50",NA
"389","5","50",NA
"390","5","50",NA
"391","5","50",NA
"392","5","50",NA
"393","5","50",NA
"394","5","50",NA
"395","5","50",NA
"396","5","50",NA
"397","5","50",NA
"398","5","50",NA
"399","5","50",NA
"400","5","50",NA
"401","5","50",NA
"402","5","50",NA
"403","5","50",NA
"404","5","50",NA
"405","5","50",NA
"406","5","50",NA
"407","5","50",NA
"408","5","50",NA
"409","5","50",NA
"410","5","50",NA
"411","5","50",NA
"412","5","50",NA
"413","5","50",NA
"414","5","50",NA
"415","5","50",NA
"416","5","50",NA
"417","5","50",NA
"418","5","50",NA
"419","5","50",NA
"420","5","50",NA
"421","5","50",NA
"422","5","50",NA
"423","5","50",NA
"424","5","50",NA
"425","5","50",NA
"426","5","50",NA
"427","5","50",NA
"428","5","50",NA
"429","5","50",NA
"430","5","50",NA
"431","5","50",NA
"432","5","50",NA
"433","5","50",NA
"434","5","50",NA
"435","5","50",NA
"436","5","50",NA
"437","5","50",NA
"438","5","50",NA
"439","5","50",NA
"440","5","50",NA
"441","5","50",NA
"442","5","50",NA
"443","5","50",NA
"444","5","50",NA
"445","5","50",NA
"446","5","50",NA
"447","5","50",NA
"448","5","50",NA
"449","5","50",NA
"450","5","50",NA
"451","5","50",NA
"452","5","50",NA
"453","5","50",NA
"454","5","50",NA
"455","5","50",NA
"456","5","50",NA
"457","5","50",NA
"458","5","50",NA
"459","5","50",NA
"460","5","50",NA
"461","5","50",NA
"462","5","50",NA
"463","5","50",NA
"464","5","50",NA
"465","5","50",NA
"466","5","50",NA
"467","5","50",NA
"468","5","50",NA
"469","5","50",NA
"470","5","50",NA
"471","5","50",NA
"472","5","50",NA
"473","5","50",NA
"474","5","50",NA
"475","5","50",NA
"476","5","50",NA
"477","5","50",NA
"478","5","50",NA
"479","5","50",NA
"480","5","50",NA
"481","5","50",NA
"482","5","50",NA
"483","5","50",NA
"484","5","50",NA
"485","5","50",NA
"486","5","50",NA
"487","5","50",NA
"488","5","50",NA
"489","5","50",NA
"490","5","50",NA
"491","5","50",NA
"492","5","50",NA
"493","5","50",NA
"494","5","50",NA
"495","5","50",NA
"496","5","50",NA
"497","5","50",NA
"498","5","50",NA
"499","5","50",NA
"500","5","50",NA
"1","6","50",1.78124108652843e-05
"2","6","50",NA
"3","6","50",NA
"4","6","50",NA
"5","6","50",NA
"6","6","50",NA
"7","6","50",NA
"8","6","50",NA
"9","6","50",NA
"10","6","50",NA
"11","6","50",NA
"12","6","50",NA
"13","6","50",NA
"14","6","50",NA
"15","6","50",NA
"16","6","50",NA
"17","6","50",NA
"18","6","50",NA
"19","6","50",NA
"20","6","50",NA
"21","6","50",NA
"22","6","50",NA
"23","6","50",NA
"24","6","50",NA
"25","6","50",NA
"26","6","50",NA
"27","6","50",NA
"28","6","50",NA
"29","6","50",NA
"30","6","50",NA
"31","6","50",NA
"32","6","50",NA
"33","6","50",NA
"34","6","50",NA
"35","6","50",NA
"36","6","50",NA
"37","6","50",NA
"38","6","50",NA
"39","6","50",NA
"40","6","50",NA
"41","6","50",NA
"42","6","50",NA
"43","6","50",NA
"44","6","50",NA
"45","6","50",NA
"46","6","50",NA
"47","6","50",NA
"48","6","50",NA
"49","6","50",NA
"50","6","50",NA
"51","6","50",NA
"52","6","50",NA
"53","6","50",NA
"54","6","50",NA
"55","6","50",NA
"56","6","50",NA
"57","6","50",NA
"58","6","50",NA
"59","6","50",NA
"60","6","50",NA
"61","6","50",NA
"62","6","50",NA
"63","6","50",NA
"64","6","50",NA
"65","6","50",NA
"66","6","50",NA
"67","6","50",NA
"68","6","50",NA
"69","6","50",NA
"70","6","50",NA
"71","6","50",NA
"72","6","50",NA
"73","6","50",NA
"74","6","50",NA
"75","6","50",NA
"76","6","50",NA
"77","6","50",NA
"78","6","50",NA
"79","6","50",NA
"80","6","50",NA
"81","6","50",NA
"82","6","50",NA
"83","6","50",NA
"84","6","50",NA
"85","6","50",NA
"86","6","50",NA
"87","6","50",NA
"88","6","50",NA
"89","6","50",NA
"90","6","50",NA
"91","6","50",NA
"92","6","50",NA
"93","6","50",NA
"94","6","50",NA
"95","6","50",NA
"96","6","50",NA
"97","6","50",NA
"98","6","50",NA
"99","6","50",NA
"100","6","50",NA
"101","6","50",NA
"102","6","50",NA
"103","6","50",NA
"104","6","50",NA
"105","6","50",NA
"106","6","50",NA
"107","6","50",NA
"108","6","50",NA
"109","6","50",NA
"110","6","50",NA
"111","6","50",NA
"112","6","50",NA
"113","6","50",NA
"114","6","50",NA
"115","6","50",NA
"116","6","50",NA
"117","6","50",NA
"118","6","50",NA
"119","6","50",NA
"120","6","50",NA
"121","6","50",NA
"122","6","50",NA
"123","6","50",NA
"124","6","50",NA
"125","6","50",NA
"126","6","50",NA
"127","6","50",NA
"128","6","50",NA
"129","6","50",NA
"130","6","50",NA
"131","6","50",NA
"132","6","50",NA
"133","6","50",NA
"134","6","50",NA
"135","6","50",NA
"136","6","50",NA
"137","6","50",NA
"138","6","50",NA
"139","6","50",NA
"140","6","50",NA
"141","6","50",NA
"142","6","50",NA
"143","6","50",NA
"144","6","50",NA
"145","6","50",NA
"146","6","50",NA
"147","6","50",NA
"148","6","50",NA
"149","6","50",NA
"150","6","50",NA
"151","6","50",NA
"152","6","50",NA
"153","6","50",NA
"154","6","50",NA
"155","6","50",NA
"156","6","50",NA
"157","6","50",NA
"158","6","50",NA
"159","6","50",NA
"160","6","50",NA
"161","6","50",NA
"162","6","50",NA
"163","6","50",NA
"164","6","50",NA
"165","6","50",NA
"166","6","50",NA
"167","6","50",NA
"168","6","50",NA
"169","6","50",NA
"170","6","50",NA
"171","6","50",NA
"172","6","50",NA
"173","6","50",NA
"174","6","50",NA
"175","6","50",NA
"176","6","50",NA
"177","6","50",NA
"178","6","50",NA
"179","6","50",NA
"180","6","50",NA
"181","6","50",NA
"182","6","50",NA
"183","6","50",NA
"184","6","50",NA
"185","6","50",NA
"186","6","50",NA
"187","6","50",NA
"188","6","50",NA
"189","6","50",NA
"190","6","50",NA
"191","6","50",NA
"192","6","50",NA
"193","6","50",NA
"194","6","50",NA
"195","6","50",NA
"196","6","50",NA
"197","6","50",NA
"198","6","50",NA
"199","6","50",NA
"200","6","50",NA
"201","6","50",NA
"202","6","50",NA
"203","6","50",NA
"204","6","50",NA
"205","6","50",NA
"206","6","50",NA
"207","6","50",NA
"208","6","50",NA
"209","6","50",NA
"210","6","50",NA
"211","6","50",NA
"212","6","50",NA
"213","6","50",NA
"214","6","50",NA
"215","6","50",NA
"216","6","50",NA
"217","6","50",NA
"218","6","50",NA
"219","6","50",NA
"220","6","50",NA
"221","6","50",NA
"222","6","50",NA
"223","6","50",NA
"224","6","50",NA
"225","6","50",NA
"226","6","50",NA
"227","6","50",NA
"228","6","50",NA
"229","6","50",NA
"230","6","50",NA
"231","6","50",NA
"232","6","50",NA
"233","6","50",NA
"234","6","50",NA
"235","6","50",NA
"236","6","50",NA
"237","6","50",NA
"238","6","50",NA
"239","6","50",NA
"240","6","50",NA
"241","6","50",NA
"242","6","50",NA
"243","6","50",NA
"244","6","50",NA
"245","6","50",NA
"246","6","50",NA
"247","6","50",NA
"248","6","50",NA
"249","6","50",NA
"250","6","50",NA
"251","6","50",NA
"252","6","50",NA
"253","6","50",NA
"254","6","50",NA
"255","6","50",NA
"256","6","50",NA
"257","6","50",NA
"258","6","50",NA
"259","6","50",NA
"260","6","50",NA
"261","6","50",NA
"262","6","50",NA
"263","6","50",NA
"264","6","50",NA
"265","6","50",NA
"266","6","50",NA
"267","6","50",NA
"268","6","50",NA
"269","6","50",NA
"270","6","50",NA
"271","6","50",NA
"272","6","50",NA
"273","6","50",NA
"274","6","50",NA
"275","6","50",NA
"276","6","50",NA
"277","6","50",NA
"278","6","50",NA
"279","6","50",NA
"280","6","50",NA
"281","6","50",NA
"282","6","50",NA
"283","6","50",NA
"284","6","50",NA
"285","6","50",NA
"286","6","50",NA
"287","6","50",NA
"288","6","50",NA
"289","6","50",NA
"290","6","50",NA
"291","6","50",NA
"292","6","50",NA
"293","6","50",NA
"294","6","50",NA
"295","6","50",NA
"296","6","50",NA
"297","6","50",NA
"298","6","50",NA
"299","6","50",NA
"300","6","50",NA
"301","6","50",NA
"302","6","50",NA
"303","6","50",NA
"304","6","50",NA
"305","6","50",NA
"306","6","50",NA
"307","6","50",NA
"308","6","50",NA
"309","6","50",NA
"310","6","50",NA
"311","6","50",NA
"312","6","50",NA
"313","6","50",NA
"314","6","50",NA
"315","6","50",NA
"316","6","50",NA
"317","6","50",NA
"318","6","50",NA
"319","6","50",NA
"320","6","50",NA
"321","6","50",NA
"322","6","50",NA
"323","6","50",NA
"324","6","50",NA
"325","6","50",NA
"326","6","50",NA
"327","6","50",NA
"328","6","50",NA
"329","6","50",NA
"330","6","50",NA
"331","6","50",NA
"332","6","50",NA
"333","6","50",NA
"334","6","50",NA
"335","6","50",NA
"336","6","50",NA
"337","6","50",NA
"338","6","50",NA
"339","6","50",NA
"340","6","50",NA
"341","6","50",NA
"342","6","50",NA
"343","6","50",NA
"344","6","50",NA
"345","6","50",NA
"346","6","50",NA
"347","6","50",NA
"348","6","50",NA
"349","6","50",NA
"350","6","50",NA
"351","6","50",NA
"352","6","50",NA
"353","6","50",NA
"354","6","50",NA
"355","6","50",NA
"356","6","50",NA
"357","6","50",NA
"358","6","50",NA
"359","6","50",NA
"360","6","50",NA
"361","6","50",NA
"362","6","50",NA
"363","6","50",NA
"364","6","50",NA
"365","6","50",NA
"366","6","50",NA
"367","6","50",NA
"368","6","50",NA
"369","6","50",NA
"370","6","50",NA
"371","6","50",NA
"372","6","50",NA
"373","6","50",NA
"374","6","50",NA
"375","6","50",NA
"376","6","50",NA
"377","6","50",NA
"378","6","50",NA
"379","6","50",NA
"380","6","50",NA
"381","6","50",NA
"382","6","50",NA
"383","6","50",NA
"384","6","50",NA
"385","6","50",NA
"386","6","50",NA
"387","6","50",NA
"388","6","50",NA
"389","6","50",NA
"390","6","50",NA
"391","6","50",NA
"392","6","50",NA
"393","6","50",NA
"394","6","50",NA
"395","6","50",NA
"396","6","50",NA
"397","6","50",NA
"398","6","50",NA
"399","6","50",NA
"400","6","50",NA
"401","6","50",NA
"402","6","50",NA
"403","6","50",NA
"404","6","50",NA
"405","6","50",NA
"406","6","50",NA
"407","6","50",NA
"408","6","50",NA
"409","6","50",NA
"410","6","50",NA
"411","6","50",NA
"412","6","50",NA
"413","6","50",NA
"414","6","50",NA
"415","6","50",NA
"416","6","50",NA
"417","6","50",NA
"418","6","50",NA
"419","6","50",NA
"420","6","50",NA
"421","6","50",NA
"422","6","50",NA
"423","6","50",NA
"424","6","50",NA
"425","6","50",NA
"426","6","50",NA
"427","6","50",NA
"428","6","50",NA
"429","6","50",NA
"430","6","50",NA
"431","6","50",NA
"432","6","50",NA
"433","6","50",NA
"434","6","50",NA
"435","6","50",NA
"436","6","50",NA
"437","6","50",NA
"438","6","50",NA
"439","6","50",NA
"440","6","50",NA
"441","6","50",NA
"442","6","50",NA
"443","6","50",NA
"444","6","50",NA
"445","6","50",NA
"446","6","50",NA
"447","6","50",NA
"448","6","50",NA
"449","6","50",NA
"450","6","50",NA
"451","6","50",NA
"452","6","50",NA
"453","6","50",NA
"454","6","50",NA
"455","6","50",NA
"456","6","50",NA
"457","6","50",NA
"458","6","50",NA
"459","6","50",NA
"460","6","50",NA
"461","6","50",NA
"462","6","50",NA
"463","6","50",NA
"464","6","50",NA
"465","6","50",NA
"466","6","50",NA
"467","6","50",NA
"468","6","50",NA
"469","6","50",NA
"470","6","50",NA
"471","6","50",NA
"472","6","50",NA
"473","6","50",NA
"474","6","50",NA
"475","6","50",NA
"476","6","50",NA
"477","6","50",NA
"478","6","50",NA
"479","6","50",NA
"480","6","50",NA
"481","6","50",NA
"482","6","50",NA
"483","6","50",NA
"484","6","50",NA
"485","6","50",NA
"486","6","50",NA
"487","6","50",NA
"488","6","50",NA
"489","6","50",NA
"490","6","50",NA
"491","6","50",NA
"492","6","50",NA
"493","6","50",NA
"494","6","50",NA
"495","6","50",NA
"496","6","50",NA
"497","6","50",NA
"498","6","50",NA
"499","6","50",NA
"500","6","50",NA
"1","7","50",1.8894242043527e-05
"2","7","50",NA
"3","7","50",NA
"4","7","50",NA
"5","7","50",NA
"6","7","50",NA
"7","7","50",NA
"8","7","50",NA
"9","7","50",NA
"10","7","50",NA
"11","7","50",NA
"12","7","50",NA
"13","7","50",NA
"14","7","50",NA
"15","7","50",NA
"16","7","50",NA
"17","7","50",NA
"18","7","50",NA
"19","7","50",NA
"20","7","50",NA
"21","7","50",NA
"22","7","50",NA
"23","7","50",NA
"24","7","50",NA
"25","7","50",NA
"26","7","50",NA
"27","7","50",NA
"28","7","50",NA
"29","7","50",NA
"30","7","50",NA
"31","7","50",NA
"32","7","50",NA
"33","7","50",NA
"34","7","50",NA
"35","7","50",NA
"36","7","50",NA
"37","7","50",NA
"38","7","50",NA
"39","7","50",NA
"40","7","50",NA
"41","7","50",NA
"42","7","50",NA
"43","7","50",NA
"44","7","50",NA
"45","7","50",NA
"46","7","50",NA
"47","7","50",NA
"48","7","50",NA
"49","7","50",NA
"50","7","50",NA
"51","7","50",NA
"52","7","50",NA
"53","7","50",NA
"54","7","50",NA
"55","7","50",NA
"56","7","50",NA
"57","7","50",NA
"58","7","50",NA
"59","7","50",NA
"60","7","50",NA
"61","7","50",NA
"62","7","50",NA
"63","7","50",NA
"64","7","50",NA
"65","7","50",NA
"66","7","50",NA
"67","7","50",NA
"68","7","50",NA
"69","7","50",NA
"70","7","50",NA
"71","7","50",NA
"72","7","50",NA
"73","7","50",NA
"74","7","50",NA
"75","7","50",NA
"76","7","50",NA
"77","7","50",NA
"78","7","50",NA
"79","7","50",NA
"80","7","50",NA
"81","7","50",NA
"82","7","50",NA
"83","7","50",NA
"84","7","50",NA
"85","7","50",NA
"86","7","50",NA
"87","7","50",NA
"88","7","50",NA
"89","7","50",NA
"90","7","50",NA
"91","7","50",NA
"92","7","50",NA
"93","7","50",NA
"94","7","50",NA
"95","7","50",NA
"96","7","50",NA
"97","7","50",NA
"98","7","50",NA
"99","7","50",NA
"100","7","50",NA
"101","7","50",NA
"102","7","50",NA
"103","7","50",NA
"104","7","50",NA
"105","7","50",NA
"106","7","50",NA
"107","7","50",NA
"108","7","50",NA
"109","7","50",NA
"110","7","50",NA
"111","7","50",NA
"112","7","50",NA
"113","7","50",NA
"114","7","50",NA
"115","7","50",NA
"116","7","50",NA
"117","7","50",NA
"118","7","50",NA
"119","7","50",NA
"120","7","50",NA
"121","7","50",NA
"122","7","50",NA
"123","7","50",NA
"124","7","50",NA
"125","7","50",NA
"126","7","50",NA
"127","7","50",NA
"128","7","50",NA
"129","7","50",NA
"130","7","50",NA
"131","7","50",NA
"132","7","50",NA
"133","7","50",NA
"134","7","50",NA
"135","7","50",NA
"136","7","50",NA
"137","7","50",NA
"138","7","50",NA
"139","7","50",NA
"140","7","50",NA
"141","7","50",NA
"142","7","50",NA
"143","7","50",NA
"144","7","50",NA
"145","7","50",NA
"146","7","50",NA
"147","7","50",NA
"148","7","50",NA
"149","7","50",NA
"150","7","50",NA
"151","7","50",NA
"152","7","50",NA
"153","7","50",NA
"154","7","50",NA
"155","7","50",NA
"156","7","50",NA
"157","7","50",NA
"158","7","50",NA
"159","7","50",NA
"160","7","50",NA
"161","7","50",NA
"162","7","50",NA
"163","7","50",NA
"164","7","50",NA
"165","7","50",NA
"166","7","50",NA
"167","7","50",NA
"168","7","50",NA
"169","7","50",NA
"170","7","50",NA
"171","7","50",NA
"172","7","50",NA
"173","7","50",NA
"174","7","50",NA
"175","7","50",NA
"176","7","50",NA
"177","7","50",NA
"178","7","50",NA
"179","7","50",NA
"180","7","50",NA
"181","7","50",NA
"182","7","50",NA
"183","7","50",NA
"184","7","50",NA
"185","7","50",NA
"186","7","50",NA
"187","7","50",NA
"188","7","50",NA
"189","7","50",NA
"190","7","50",NA
"191","7","50",NA
"192","7","50",NA
"193","7","50",NA
"194","7","50",NA
"195","7","50",NA
"196","7","50",NA
"197","7","50",NA
"198","7","50",NA
"199","7","50",NA
"200","7","50",NA
"201","7","50",NA
"202","7","50",NA
"203","7","50",NA
"204","7","50",NA
"205","7","50",NA
"206","7","50",NA
"207","7","50",NA
"208","7","50",NA
"209","7","50",NA
"210","7","50",NA
"211","7","50",NA
"212","7","50",NA
"213","7","50",NA
"214","7","50",NA
"215","7","50",NA
"216","7","50",NA
"217","7","50",NA
"218","7","50",NA
"219","7","50",NA
"220","7","50",NA
"221","7","50",NA
"222","7","50",NA
"223","7","50",NA
"224","7","50",NA
"225","7","50",NA
"226","7","50",NA
"227","7","50",NA
"228","7","50",NA
"229","7","50",NA
"230","7","50",NA
"231","7","50",NA
"232","7","50",NA
"233","7","50",NA
"234","7","50",NA
"235","7","50",NA
"236","7","50",NA
"237","7","50",NA
"238","7","50",NA
"239","7","50",NA
"240","7","50",NA
"241","7","50",NA
"242","7","50",NA
"243","7","50",NA
"244","7","50",NA
"245","7","50",NA
"246","7","50",NA
"247","7","50",NA
"248","7","50",NA
"249","7","50",NA
"250","7","50",NA
"251","7","50",NA
"252","7","50",NA
"253","7","50",NA
"254","7","50",NA
"255","7","50",NA
"256","7","50",NA
"257","7","50",NA
"258","7","50",NA
"259","7","50",NA
"260","7","50",NA
"261","7","50",NA
"262","7","50",NA
"263","7","50",NA
"264","7","50",NA
"265","7","50",NA
"266","7","50",NA
"267","7","50",NA
"268","7","50",NA
"269","7","50",NA
"270","7","50",NA
"271","7","50",NA
"272","7","50",NA
"273","7","50",NA
"274","7","50",NA
"275","7","50",NA
"276","7","50",NA
"277","7","50",NA
"278","7","50",NA
"279","7","50",NA
"280","7","50",NA
"281","7","50",NA
"282","7","50",NA
"283","7","50",NA
"284","7","50",NA
"285","7","50",NA
"286","7","50",NA
"287","7","50",NA
"288","7","50",NA
"289","7","50",NA
"290","7","50",NA
"291","7","50",NA
"292","7","50",NA
"293","7","50",NA
"294","7","50",NA
"295","7","50",NA
"296","7","50",NA
"297","7","50",NA
"298","7","50",NA
"299","7","50",NA
"300","7","50",NA
"301","7","50",NA
"302","7","50",NA
"303","7","50",NA
"304","7","50",NA
"305","7","50",NA
"306","7","50",NA
"307","7","50",NA
"308","7","50",NA
"309","7","50",NA
"310","7","50",NA
"311","7","50",NA
"312","7","50",NA
"313","7","50",NA
"314","7","50",NA
"315","7","50",NA
"316","7","50",NA
"317","7","50",NA
"318","7","50",NA
"319","7","50",NA
"320","7","50",NA
"321","7","50",NA
"322","7","50",NA
"323","7","50",NA
"324","7","50",NA
"325","7","50",NA
"326","7","50",NA
"327","7","50",NA
"328","7","50",NA
"329","7","50",NA
"330","7","50",NA
"331","7","50",NA
"332","7","50",NA
"333","7","50",NA
"334","7","50",NA
"335","7","50",NA
"336","7","50",NA
"337","7","50",NA
"338","7","50",NA
"339","7","50",NA
"340","7","50",NA
"341","7","50",NA
"342","7","50",NA
"343","7","50",NA
"344","7","50",NA
"345","7","50",NA
"346","7","50",NA
"347","7","50",NA
"348","7","50",NA
"349","7","50",NA
"350","7","50",NA
"351","7","50",NA
"352","7","50",NA
"353","7","50",NA
"354","7","50",NA
"355","7","50",NA
"356","7","50",NA
"357","7","50",NA
"358","7","50",NA
"359","7","50",NA
"360","7","50",NA
"361","7","50",NA
"362","7","50",NA
"363","7","50",NA
"364","7","50",NA
"365","7","50",NA
"366","7","50",NA
"367","7","50",NA
"368","7","50",NA
"369","7","50",NA
"370","7","50",NA
"371","7","50",NA
"372","7","50",NA
"373","7","50",NA
"374","7","50",NA
"375","7","50",NA
"376","7","50",NA
"377","7","50",NA
"378","7","50",NA
"379","7","50",NA
"380","7","50",NA
"381","7","50",NA
"382","7","50",NA
"383","7","50",NA
"384","7","50",NA
"385","7","50",NA
"386","7","50",NA
"387","7","50",NA
"388","7","50",NA
"389","7","50",NA
"390","7","50",NA
"391","7","50",NA
"392","7","50",NA
"393","7","50",NA
"394","7","50",NA
"395","7","50",NA
"396","7","50",NA
"397","7","50",NA
"398","7","50",NA
"399","7","50",NA
"400","7","50",NA
"401","7","50",NA
"402","7","50",NA
"403","7","50",NA
"404","7","50",NA
"405","7","50",NA
"406","7","50",NA
"407","7","50",NA
"408","7","50",NA
"409","7","50",NA
"410","7","50",NA
"411","7","50",NA
"412","7","50",NA
"413","7","50",NA
"414","7","50",NA
"415","7","50",NA
"416","7","50",NA
"417","7","50",NA
"418","7","50",NA
"419","7","50",NA
"420","7","50",NA
"421","7","50",NA
"422","7","50",NA
"423","7","50",NA
"424","7","50",NA
"425","7","50",NA
"426","7","50",NA
"427","7","50",NA
"428","7","50",NA
"429","7","50",NA
"430","7","50",NA
"431","7","50",NA
"432","7","50",NA
"433","7","50",NA
"434","7","50",NA
"435","7","50",NA
"436","7","50",NA
"437","7","50",NA
"438","7","50",NA
"439","7","50",NA
"440","7","50",NA
"441","7","50",NA
"442","7","50",NA
"443","7","50",NA
"444","7","50",NA
"445","7","50",NA
"446","7","50",NA
"447","7","50",NA
"448","7","50",NA
"449","7","50",NA
"450","7","50",NA
"451","7","50",NA
"452","7","50",NA
"453","7","50",NA
"454","7","50",NA
"455","7","50",NA
"456","7","50",NA
"457","7","50",NA
"458","7","50",NA
"459","7","50",NA
"460","7","50",NA
"461","7","50",NA
"462","7","50",NA
"463","7","50",NA
"464","7","50",NA
"465","7","50",NA
"466","7","50",NA
"467","7","50",NA
"468","7","50",NA
"469","7","50",NA
"470","7","50",NA
"471","7","50",NA
"472","7","50",NA
"473","7","50",NA
"474","7","50",NA
"475","7","50",NA
"476","7","50",NA
"477","7","50",NA
"478","7","50",NA
"479","7","50",NA
"480","7","50",NA
"481","7","50",NA
"482","7","50",NA
"483","7","50",NA
"484","7","50",NA
"485","7","50",NA
"486","7","50",NA
"487","7","50",NA
"488","7","50",NA
"489","7","50",NA
"490","7","50",NA
"491","7","50",NA
"492","7","50",NA
"493","7","50",NA
"494","7","50",NA
"495","7","50",NA
"496","7","50",NA
"497","7","50",NA
"498","7","50",NA
"499","7","50",NA
"500","7","50",NA
"1","8","50",9.31436064814644e-08
"2","8","50",NA
"3","8","50",NA
"4","8","50",NA
"5","8","50",NA
"6","8","50",NA
"7","8","50",NA
"8","8","50",NA
"9","8","50",NA
"10","8","50",NA
"11","8","50",NA
"12","8","50",NA
"13","8","50",NA
"14","8","50",NA
"15","8","50",NA
"16","8","50",NA
"17","8","50",NA
"18","8","50",NA
"19","8","50",NA
"20","8","50",NA
"21","8","50",NA
"22","8","50",NA
"23","8","50",NA
"24","8","50",NA
"25","8","50",NA
"26","8","50",NA
"27","8","50",NA
"28","8","50",NA
"29","8","50",NA
"30","8","50",NA
"31","8","50",NA
"32","8","50",NA
"33","8","50",NA
"34","8","50",NA
"35","8","50",NA
"36","8","50",NA
"37","8","50",NA
"38","8","50",NA
"39","8","50",NA
"40","8","50",NA
"41","8","50",NA
"42","8","50",NA
"43","8","50",NA
"44","8","50",NA
"45","8","50",NA
"46","8","50",NA
"47","8","50",NA
"48","8","50",NA
"49","8","50",NA
"50","8","50",NA
"51","8","50",NA
"52","8","50",NA
"53","8","50",NA
"54","8","50",NA
"55","8","50",NA
"56","8","50",NA
"57","8","50",NA
"58","8","50",NA
"59","8","50",NA
"60","8","50",NA
"61","8","50",NA
"62","8","50",NA
"63","8","50",NA
"64","8","50",NA
"65","8","50",NA
"66","8","50",NA
"67","8","50",NA
"68","8","50",NA
"69","8","50",NA
"70","8","50",NA
"71","8","50",NA
"72","8","50",NA
"73","8","50",NA
"74","8","50",NA
"75","8","50",NA
"76","8","50",NA
"77","8","50",NA
"78","8","50",NA
"79","8","50",NA
"80","8","50",NA
"81","8","50",NA
"82","8","50",NA
"83","8","50",NA
"84","8","50",NA
"85","8","50",NA
"86","8","50",NA
"87","8","50",NA
"88","8","50",NA
"89","8","50",NA
"90","8","50",NA
"91","8","50",NA
"92","8","50",NA
"93","8","50",NA
"94","8","50",NA
"95","8","50",NA
"96","8","50",NA
"97","8","50",NA
"98","8","50",NA
"99","8","50",NA
"100","8","50",NA
"101","8","50",NA
"102","8","50",NA
"103","8","50",NA
"104","8","50",NA
"105","8","50",NA
"106","8","50",NA
"107","8","50",NA
"108","8","50",NA
"109","8","50",NA
"110","8","50",NA
"111","8","50",NA
"112","8","50",NA
"113","8","50",NA
"114","8","50",NA
"115","8","50",NA
"116","8","50",NA
"117","8","50",NA
"118","8","50",NA
"119","8","50",NA
"120","8","50",NA
"121","8","50",NA
"122","8","50",NA
"123","8","50",NA
"124","8","50",NA
"125","8","50",NA
"126","8","50",NA
"127","8","50",NA
"128","8","50",NA
"129","8","50",NA
"130","8","50",NA
"131","8","50",NA
"132","8","50",NA
"133","8","50",NA
"134","8","50",NA
"135","8","50",NA
"136","8","50",NA
"137","8","50",NA
"138","8","50",NA
"139","8","50",NA
"140","8","50",NA
"141","8","50",NA
"142","8","50",NA
"143","8","50",NA
"144","8","50",NA
"145","8","50",NA
"146","8","50",NA
"147","8","50",NA
"148","8","50",NA
"149","8","50",NA
"150","8","50",NA
"151","8","50",NA
"152","8","50",NA
"153","8","50",NA
"154","8","50",NA
"155","8","50",NA
"156","8","50",NA
"157","8","50",NA
"158","8","50",NA
"159","8","50",NA
"160","8","50",NA
"161","8","50",NA
"162","8","50",NA
"163","8","50",NA
"164","8","50",NA
"165","8","50",NA
"166","8","50",NA
"167","8","50",NA
"168","8","50",NA
"169","8","50",NA
"170","8","50",NA
"171","8","50",NA
"172","8","50",NA
"173","8","50",NA
"174","8","50",NA
"175","8","50",NA
"176","8","50",NA
"177","8","50",NA
"178","8","50",NA
"179","8","50",NA
"180","8","50",NA
"181","8","50",NA
"182","8","50",NA
"183","8","50",NA
"184","8","50",NA
"185","8","50",NA
"186","8","50",NA
"187","8","50",NA
"188","8","50",NA
"189","8","50",NA
"190","8","50",NA
"191","8","50",NA
"192","8","50",NA
"193","8","50",NA
"194","8","50",NA
"195","8","50",NA
"196","8","50",NA
"197","8","50",NA
"198","8","50",NA
"199","8","50",NA
"200","8","50",NA
"201","8","50",NA
"202","8","50",NA
"203","8","50",NA
"204","8","50",NA
"205","8","50",NA
"206","8","50",NA
"207","8","50",NA
"208","8","50",NA
"209","8","50",NA
"210","8","50",NA
"211","8","50",NA
"212","8","50",NA
"213","8","50",NA
"214","8","50",NA
"215","8","50",NA
"216","8","50",NA
"217","8","50",NA
"218","8","50",NA
"219","8","50",NA
"220","8","50",NA
"221","8","50",NA
"222","8","50",NA
"223","8","50",NA
"224","8","50",NA
"225","8","50",NA
"226","8","50",NA
"227","8","50",NA
"228","8","50",NA
"229","8","50",NA
"230","8","50",NA
"231","8","50",NA
"232","8","50",NA
"233","8","50",NA
"234","8","50",NA
"235","8","50",NA
"236","8","50",NA
"237","8","50",NA
"238","8","50",NA
"239","8","50",NA
"240","8","50",NA
"241","8","50",NA
"242","8","50",NA
"243","8","50",NA
"244","8","50",NA
"245","8","50",NA
"246","8","50",NA
"247","8","50",NA
"248","8","50",NA
"249","8","50",NA
"250","8","50",NA
"251","8","50",NA
"252","8","50",NA
"253","8","50",NA
"254","8","50",NA
"255","8","50",NA
"256","8","50",NA
"257","8","50",NA
"258","8","50",NA
"259","8","50",NA
"260","8","50",NA
"261","8","50",NA
"262","8","50",NA
"263","8","50",NA
"264","8","50",NA
"265","8","50",NA
"266","8","50",NA
"267","8","50",NA
"268","8","50",NA
"269","8","50",NA
"270","8","50",NA
"271","8","50",NA
"272","8","50",NA
"273","8","50",NA
"274","8","50",NA
"275","8","50",NA
"276","8","50",NA
"277","8","50",NA
"278","8","50",NA
"279","8","50",NA
"280","8","50",NA
"281","8","50",NA
"282","8","50",NA
"283","8","50",NA
"284","8","50",NA
"285","8","50",NA
"286","8","50",NA
"287","8","50",NA
"288","8","50",NA
"289","8","50",NA
"290","8","50",NA
"291","8","50",NA
"292","8","50",NA
"293","8","50",NA
"294","8","50",NA
"295","8","50",NA
"296","8","50",NA
"297","8","50",NA
"298","8","50",NA
"299","8","50",NA
"300","8","50",NA
"301","8","50",NA
"302","8","50",NA
"303","8","50",NA
"304","8","50",NA
"305","8","50",NA
"306","8","50",NA
"307","8","50",NA
"308","8","50",NA
"309","8","50",NA
"310","8","50",NA
"311","8","50",NA
"312","8","50",NA
"313","8","50",NA
"314","8","50",NA
"315","8","50",NA
"316","8","50",NA
"317","8","50",NA
"318","8","50",NA
"319","8","50",NA
"320","8","50",NA
"321","8","50",NA
"322","8","50",NA
"323","8","50",NA
"324","8","50",NA
"325","8","50",NA
"326","8","50",NA
"327","8","50",NA
"328","8","50",NA
"329","8","50",NA
"330","8","50",NA
"331","8","50",NA
"332","8","50",NA
"333","8","50",NA
"334","8","50",NA
"335","8","50",NA
"336","8","50",NA
"337","8","50",NA
"338","8","50",NA
"339","8","50",NA
"340","8","50",NA
"341","8","50",NA
"342","8","50",NA
"343","8","50",NA
"344","8","50",NA
"345","8","50",NA
"346","8","50",NA
"347","8","50",NA
"348","8","50",NA
"349","8","50",NA
"350","8","50",NA
"351","8","50",NA
"352","8","50",NA
"353","8","50",NA
"354","8","50",NA
"355","8","50",NA
"356","8","50",NA
"357","8","50",NA
"358","8","50",NA
"359","8","50",NA
"360","8","50",NA
"361","8","50",NA
"362","8","50",NA
"363","8","50",NA
"364","8","50",NA
"365","8","50",NA
"366","8","50",NA
"367","8","50",NA
"368","8","50",NA
"369","8","50",NA
"370","8","50",NA
"371","8","50",NA
"372","8","50",NA
"373","8","50",NA
"374","8","50",NA
"375","8","50",NA
"376","8","50",NA
"377","8","50",NA
"378","8","50",NA
"379","8","50",NA
"380","8","50",NA
"381","8","50",NA
"382","8","50",NA
"383","8","50",NA
"384","8","50",NA
"385","8","50",NA
"386","8","50",NA
"387","8","50",NA
"388","8","50",NA
"389","8","50",NA
"390","8","50",NA
"391","8","50",NA
"392","8","50",NA
"393","8","50",NA
"394","8","50",NA
"395","8","50",NA
"396","8","50",NA
"397","8","50",NA
"398","8","50",NA
"399","8","50",NA
"400","8","50",NA
"401","8","50",NA
"402","8","50",NA
"403","8","50",NA
"404","8","50",NA
"405","8","50",NA
"406","8","50",NA
"407","8","50",NA
"408","8","50",NA
"409","8","50",NA
"410","8","50",NA
"411","8","50",NA
"412","8","50",NA
"413","8","50",NA
"414","8","50",NA
"415","8","50",NA
"416","8","50",NA
"417","8","50",NA
"418","8","50",NA
"419","8","50",NA
"420","8","50",NA
"421","8","50",NA
"422","8","50",NA
"423","8","50",NA
"424","8","50",NA
"425","8","50",NA
"426","8","50",NA
"427","8","50",NA
"428","8","50",NA
"429","8","50",NA
"430","8","50",NA
"431","8","50",NA
"432","8","50",NA
"433","8","50",NA
"434","8","50",NA
"435","8","50",NA
"436","8","50",NA
"437","8","50",NA
"438","8","50",NA
"439","8","50",NA
"440","8","50",NA
"441","8","50",NA
"442","8","50",NA
"443","8","50",NA
"444","8","50",NA
"445","8","50",NA
"446","8","50",NA
"447","8","50",NA
"448","8","50",NA
"449","8","50",NA
"450","8","50",NA
"451","8","50",NA
"452","8","50",NA
"453","8","50",NA
"454","8","50",NA
"455","8","50",NA
"456","8","50",NA
"457","8","50",NA
"458","8","50",NA
"459","8","50",NA
"460","8","50",NA
"461","8","50",NA
"462","8","50",NA
"463","8","50",NA
"464","8","50",NA
"465","8","50",NA
"466","8","50",NA
"467","8","50",NA
"468","8","50",NA
"469","8","50",NA
"470","8","50",NA
"471","8","50",NA
"472","8","50",NA
"473","8","50",NA
"474","8","50",NA
"475","8","50",NA
"476","8","50",NA
"477","8","50",NA
"478","8","50",NA
"479","8","50",NA
"480","8","50",NA
"481","8","50",NA
"482","8","50",NA
"483","8","50",NA
"484","8","50",NA
"485","8","50",NA
"486","8","50",NA
"487","8","50",NA
"488","8","50",NA
"489","8","50",NA
"490","8","50",NA
"491","8","50",NA
"492","8","50",NA
"493","8","50",NA
"494","8","50",NA
"495","8","50",NA
"496","8","50",NA
"497","8","50",NA
"498","8","50",NA
"499","8","50",NA
"500","8","50",NA
