"simulation","cohort","N","Prob","ind"
"1","1","50",0.99999391532421,1
"2","1","50",NA,NA
"3","1","50",NA,NA
"4","1","50",NA,NA
"5","1","50",NA,NA
"6","1","50",NA,NA
"7","1","50",NA,NA
"8","1","50",NA,NA
"9","1","50",NA,NA
"10","1","50",NA,NA
"11","1","50",NA,NA
"12","1","50",NA,NA
"13","1","50",NA,NA
"14","1","50",NA,NA
"15","1","50",NA,NA
"16","1","50",NA,NA
"17","1","50",NA,NA
"18","1","50",NA,NA
"19","1","50",NA,NA
"20","1","50",NA,NA
"21","1","50",NA,NA
"22","1","50",NA,NA
"23","1","50",NA,NA
"24","1","50",NA,NA
"25","1","50",NA,NA
"26","1","50",NA,NA
"27","1","50",NA,NA
"28","1","50",NA,NA
"29","1","50",NA,NA
"30","1","50",NA,NA
"31","1","50",NA,NA
"32","1","50",NA,NA
"33","1","50",NA,NA
"34","1","50",NA,NA
"35","1","50",NA,NA
"36","1","50",NA,NA
"37","1","50",NA,NA
"38","1","50",NA,NA
"39","1","50",NA,NA
"40","1","50",NA,NA
"41","1","50",NA,NA
"42","1","50",NA,NA
"43","1","50",NA,NA
"44","1","50",NA,NA
"45","1","50",NA,NA
"46","1","50",NA,NA
"47","1","50",NA,NA
"48","1","50",NA,NA
"49","1","50",NA,NA
"50","1","50",NA,NA
"51","1","50",NA,NA
"52","1","50",NA,NA
"53","1","50",NA,NA
"54","1","50",NA,NA
"55","1","50",NA,NA
"56","1","50",NA,NA
"57","1","50",NA,NA
"58","1","50",NA,NA
"59","1","50",NA,NA
"60","1","50",NA,NA
"61","1","50",NA,NA
"62","1","50",NA,NA
"63","1","50",NA,NA
"64","1","50",NA,NA
"65","1","50",NA,NA
"66","1","50",NA,NA
"67","1","50",NA,NA
"68","1","50",NA,NA
"69","1","50",NA,NA
"70","1","50",NA,NA
"71","1","50",NA,NA
"72","1","50",NA,NA
"73","1","50",NA,NA
"74","1","50",NA,NA
"75","1","50",NA,NA
"76","1","50",NA,NA
"77","1","50",NA,NA
"78","1","50",NA,NA
"79","1","50",NA,NA
"80","1","50",NA,NA
"81","1","50",NA,NA
"82","1","50",NA,NA
"83","1","50",NA,NA
"84","1","50",NA,NA
"85","1","50",NA,NA
"86","1","50",NA,NA
"87","1","50",NA,NA
"88","1","50",NA,NA
"89","1","50",NA,NA
"90","1","50",NA,NA
"91","1","50",NA,NA
"92","1","50",NA,NA
"93","1","50",NA,NA
"94","1","50",NA,NA
"95","1","50",NA,NA
"96","1","50",NA,NA
"97","1","50",NA,NA
"98","1","50",NA,NA
"99","1","50",NA,NA
"100","1","50",NA,NA
"101","1","50",NA,NA
"102","1","50",NA,NA
"103","1","50",NA,NA
"104","1","50",NA,NA
"105","1","50",NA,NA
"106","1","50",NA,NA
"107","1","50",NA,NA
"108","1","50",NA,NA
"109","1","50",NA,NA
"110","1","50",NA,NA
"111","1","50",NA,NA
"112","1","50",NA,NA
"113","1","50",NA,NA
"114","1","50",NA,NA
"115","1","50",NA,NA
"116","1","50",NA,NA
"117","1","50",NA,NA
"118","1","50",NA,NA
"119","1","50",NA,NA
"120","1","50",NA,NA
"121","1","50",NA,NA
"122","1","50",NA,NA
"123","1","50",NA,NA
"124","1","50",NA,NA
"125","1","50",NA,NA
"126","1","50",NA,NA
"127","1","50",NA,NA
"128","1","50",NA,NA
"129","1","50",NA,NA
"130","1","50",NA,NA
"131","1","50",NA,NA
"132","1","50",NA,NA
"133","1","50",NA,NA
"134","1","50",NA,NA
"135","1","50",NA,NA
"136","1","50",NA,NA
"137","1","50",NA,NA
"138","1","50",NA,NA
"139","1","50",NA,NA
"140","1","50",NA,NA
"141","1","50",NA,NA
"142","1","50",NA,NA
"143","1","50",NA,NA
"144","1","50",NA,NA
"145","1","50",NA,NA
"146","1","50",NA,NA
"147","1","50",NA,NA
"148","1","50",NA,NA
"149","1","50",NA,NA
"150","1","50",NA,NA
"151","1","50",NA,NA
"152","1","50",NA,NA
"153","1","50",NA,NA
"154","1","50",NA,NA
"155","1","50",NA,NA
"156","1","50",NA,NA
"157","1","50",NA,NA
"158","1","50",NA,NA
"159","1","50",NA,NA
"160","1","50",NA,NA
"161","1","50",NA,NA
"162","1","50",NA,NA
"163","1","50",NA,NA
"164","1","50",NA,NA
"165","1","50",NA,NA
"166","1","50",NA,NA
"167","1","50",NA,NA
"168","1","50",NA,NA
"169","1","50",NA,NA
"170","1","50",NA,NA
"171","1","50",NA,NA
"172","1","50",NA,NA
"173","1","50",NA,NA
"174","1","50",NA,NA
"175","1","50",NA,NA
"176","1","50",NA,NA
"177","1","50",NA,NA
"178","1","50",NA,NA
"179","1","50",NA,NA
"180","1","50",NA,NA
"181","1","50",NA,NA
"182","1","50",NA,NA
"183","1","50",NA,NA
"184","1","50",NA,NA
"185","1","50",NA,NA
"186","1","50",NA,NA
"187","1","50",NA,NA
"188","1","50",NA,NA
"189","1","50",NA,NA
"190","1","50",NA,NA
"191","1","50",NA,NA
"192","1","50",NA,NA
"193","1","50",NA,NA
"194","1","50",NA,NA
"195","1","50",NA,NA
"196","1","50",NA,NA
"197","1","50",NA,NA
"198","1","50",NA,NA
"199","1","50",NA,NA
"200","1","50",NA,NA
"201","1","50",NA,NA
"202","1","50",NA,NA
"203","1","50",NA,NA
"204","1","50",NA,NA
"205","1","50",NA,NA
"206","1","50",NA,NA
"207","1","50",NA,NA
"208","1","50",NA,NA
"209","1","50",NA,NA
"210","1","50",NA,NA
"211","1","50",NA,NA
"212","1","50",NA,NA
"213","1","50",NA,NA
"214","1","50",NA,NA
"215","1","50",NA,NA
"216","1","50",NA,NA
"217","1","50",NA,NA
"218","1","50",NA,NA
"219","1","50",NA,NA
"220","1","50",NA,NA
"221","1","50",NA,NA
"222","1","50",NA,NA
"223","1","50",NA,NA
"224","1","50",NA,NA
"225","1","50",NA,NA
"226","1","50",NA,NA
"227","1","50",NA,NA
"228","1","50",NA,NA
"229","1","50",NA,NA
"230","1","50",NA,NA
"231","1","50",NA,NA
"232","1","50",NA,NA
"233","1","50",NA,NA
"234","1","50",NA,NA
"235","1","50",NA,NA
"236","1","50",NA,NA
"237","1","50",NA,NA
"238","1","50",NA,NA
"239","1","50",NA,NA
"240","1","50",NA,NA
"241","1","50",NA,NA
"242","1","50",NA,NA
"243","1","50",NA,NA
"244","1","50",NA,NA
"245","1","50",NA,NA
"246","1","50",NA,NA
"247","1","50",NA,NA
"248","1","50",NA,NA
"249","1","50",NA,NA
"250","1","50",NA,NA
"251","1","50",NA,NA
"252","1","50",NA,NA
"253","1","50",NA,NA
"254","1","50",NA,NA
"255","1","50",NA,NA
"256","1","50",NA,NA
"257","1","50",NA,NA
"258","1","50",NA,NA
"259","1","50",NA,NA
"260","1","50",NA,NA
"261","1","50",NA,NA
"262","1","50",NA,NA
"263","1","50",NA,NA
"264","1","50",NA,NA
"265","1","50",NA,NA
"266","1","50",NA,NA
"267","1","50",NA,NA
"268","1","50",NA,NA
"269","1","50",NA,NA
"270","1","50",NA,NA
"271","1","50",NA,NA
"272","1","50",NA,NA
"273","1","50",NA,NA
"274","1","50",NA,NA
"275","1","50",NA,NA
"276","1","50",NA,NA
"277","1","50",NA,NA
"278","1","50",NA,NA
"279","1","50",NA,NA
"280","1","50",NA,NA
"281","1","50",NA,NA
"282","1","50",NA,NA
"283","1","50",NA,NA
"284","1","50",NA,NA
"285","1","50",NA,NA
"286","1","50",NA,NA
"287","1","50",NA,NA
"288","1","50",NA,NA
"289","1","50",NA,NA
"290","1","50",NA,NA
"291","1","50",NA,NA
"292","1","50",NA,NA
"293","1","50",NA,NA
"294","1","50",NA,NA
"295","1","50",NA,NA
"296","1","50",NA,NA
"297","1","50",NA,NA
"298","1","50",NA,NA
"299","1","50",NA,NA
"300","1","50",NA,NA
"301","1","50",NA,NA
"302","1","50",NA,NA
"303","1","50",NA,NA
"304","1","50",NA,NA
"305","1","50",NA,NA
"306","1","50",NA,NA
"307","1","50",NA,NA
"308","1","50",NA,NA
"309","1","50",NA,NA
"310","1","50",NA,NA
"311","1","50",NA,NA
"312","1","50",NA,NA
"313","1","50",NA,NA
"314","1","50",NA,NA
"315","1","50",NA,NA
"316","1","50",NA,NA
"317","1","50",NA,NA
"318","1","50",NA,NA
"319","1","50",NA,NA
"320","1","50",NA,NA
"321","1","50",NA,NA
"322","1","50",NA,NA
"323","1","50",NA,NA
"324","1","50",NA,NA
"325","1","50",NA,NA
"326","1","50",NA,NA
"327","1","50",NA,NA
"328","1","50",NA,NA
"329","1","50",NA,NA
"330","1","50",NA,NA
"331","1","50",NA,NA
"332","1","50",NA,NA
"333","1","50",NA,NA
"334","1","50",NA,NA
"335","1","50",NA,NA
"336","1","50",NA,NA
"337","1","50",NA,NA
"338","1","50",NA,NA
"339","1","50",NA,NA
"340","1","50",NA,NA
"341","1","50",NA,NA
"342","1","50",NA,NA
"343","1","50",NA,NA
"344","1","50",NA,NA
"345","1","50",NA,NA
"346","1","50",NA,NA
"347","1","50",NA,NA
"348","1","50",NA,NA
"349","1","50",NA,NA
"350","1","50",NA,NA
"351","1","50",NA,NA
"352","1","50",NA,NA
"353","1","50",NA,NA
"354","1","50",NA,NA
"355","1","50",NA,NA
"356","1","50",NA,NA
"357","1","50",NA,NA
"358","1","50",NA,NA
"359","1","50",NA,NA
"360","1","50",NA,NA
"361","1","50",NA,NA
"362","1","50",NA,NA
"363","1","50",NA,NA
"364","1","50",NA,NA
"365","1","50",NA,NA
"366","1","50",NA,NA
"367","1","50",NA,NA
"368","1","50",NA,NA
"369","1","50",NA,NA
"370","1","50",NA,NA
"371","1","50",NA,NA
"372","1","50",NA,NA
"373","1","50",NA,NA
"374","1","50",NA,NA
"375","1","50",NA,NA
"376","1","50",NA,NA
"377","1","50",NA,NA
"378","1","50",NA,NA
"379","1","50",NA,NA
"380","1","50",NA,NA
"381","1","50",NA,NA
"382","1","50",NA,NA
"383","1","50",NA,NA
"384","1","50",NA,NA
"385","1","50",NA,NA
"386","1","50",NA,NA
"387","1","50",NA,NA
"388","1","50",NA,NA
"389","1","50",NA,NA
"390","1","50",NA,NA
"391","1","50",NA,NA
"392","1","50",NA,NA
"393","1","50",NA,NA
"394","1","50",NA,NA
"395","1","50",NA,NA
"396","1","50",NA,NA
"397","1","50",NA,NA
"398","1","50",NA,NA
"399","1","50",NA,NA
"400","1","50",NA,NA
"401","1","50",NA,NA
"402","1","50",NA,NA
"403","1","50",NA,NA
"404","1","50",NA,NA
"405","1","50",NA,NA
"406","1","50",NA,NA
"407","1","50",NA,NA
"408","1","50",NA,NA
"409","1","50",NA,NA
"410","1","50",NA,NA
"411","1","50",NA,NA
"412","1","50",NA,NA
"413","1","50",NA,NA
"414","1","50",NA,NA
"415","1","50",NA,NA
"416","1","50",NA,NA
"417","1","50",NA,NA
"418","1","50",NA,NA
"419","1","50",NA,NA
"420","1","50",NA,NA
"421","1","50",NA,NA
"422","1","50",NA,NA
"423","1","50",NA,NA
"424","1","50",NA,NA
"425","1","50",NA,NA
"426","1","50",NA,NA
"427","1","50",NA,NA
"428","1","50",NA,NA
"429","1","50",NA,NA
"430","1","50",NA,NA
"431","1","50",NA,NA
"432","1","50",NA,NA
"433","1","50",NA,NA
"434","1","50",NA,NA
"435","1","50",NA,NA
"436","1","50",NA,NA
"437","1","50",NA,NA
"438","1","50",NA,NA
"439","1","50",NA,NA
"440","1","50",NA,NA
"441","1","50",NA,NA
"442","1","50",NA,NA
"443","1","50",NA,NA
"444","1","50",NA,NA
"445","1","50",NA,NA
"446","1","50",NA,NA
"447","1","50",NA,NA
"448","1","50",NA,NA
"449","1","50",NA,NA
"450","1","50",NA,NA
"451","1","50",NA,NA
"452","1","50",NA,NA
"453","1","50",NA,NA
"454","1","50",NA,NA
"455","1","50",NA,NA
"456","1","50",NA,NA
"457","1","50",NA,NA
"458","1","50",NA,NA
"459","1","50",NA,NA
"460","1","50",NA,NA
"461","1","50",NA,NA
"462","1","50",NA,NA
"463","1","50",NA,NA
"464","1","50",NA,NA
"465","1","50",NA,NA
"466","1","50",NA,NA
"467","1","50",NA,NA
"468","1","50",NA,NA
"469","1","50",NA,NA
"470","1","50",NA,NA
"471","1","50",NA,NA
"472","1","50",NA,NA
"473","1","50",NA,NA
"474","1","50",NA,NA
"475","1","50",NA,NA
"476","1","50",NA,NA
"477","1","50",NA,NA
"478","1","50",NA,NA
"479","1","50",NA,NA
"480","1","50",NA,NA
"481","1","50",NA,NA
"482","1","50",NA,NA
"483","1","50",NA,NA
"484","1","50",NA,NA
"485","1","50",NA,NA
"486","1","50",NA,NA
"487","1","50",NA,NA
"488","1","50",NA,NA
"489","1","50",NA,NA
"490","1","50",NA,NA
"491","1","50",NA,NA
"492","1","50",NA,NA
"493","1","50",NA,NA
"494","1","50",NA,NA
"495","1","50",NA,NA
"496","1","50",NA,NA
"497","1","50",NA,NA
"498","1","50",NA,NA
"499","1","50",NA,NA
"500","1","50",NA,NA
"1","2","50",0.999883331342662,1
"2","2","50",NA,NA
"3","2","50",NA,NA
"4","2","50",NA,NA
"5","2","50",NA,NA
"6","2","50",NA,NA
"7","2","50",NA,NA
"8","2","50",NA,NA
"9","2","50",NA,NA
"10","2","50",NA,NA
"11","2","50",NA,NA
"12","2","50",NA,NA
"13","2","50",NA,NA
"14","2","50",NA,NA
"15","2","50",NA,NA
"16","2","50",NA,NA
"17","2","50",NA,NA
"18","2","50",NA,NA
"19","2","50",NA,NA
"20","2","50",NA,NA
"21","2","50",NA,NA
"22","2","50",NA,NA
"23","2","50",NA,NA
"24","2","50",NA,NA
"25","2","50",NA,NA
"26","2","50",NA,NA
"27","2","50",NA,NA
"28","2","50",NA,NA
"29","2","50",NA,NA
"30","2","50",NA,NA
"31","2","50",NA,NA
"32","2","50",NA,NA
"33","2","50",NA,NA
"34","2","50",NA,NA
"35","2","50",NA,NA
"36","2","50",NA,NA
"37","2","50",NA,NA
"38","2","50",NA,NA
"39","2","50",NA,NA
"40","2","50",NA,NA
"41","2","50",NA,NA
"42","2","50",NA,NA
"43","2","50",NA,NA
"44","2","50",NA,NA
"45","2","50",NA,NA
"46","2","50",NA,NA
"47","2","50",NA,NA
"48","2","50",NA,NA
"49","2","50",NA,NA
"50","2","50",NA,NA
"51","2","50",NA,NA
"52","2","50",NA,NA
"53","2","50",NA,NA
"54","2","50",NA,NA
"55","2","50",NA,NA
"56","2","50",NA,NA
"57","2","50",NA,NA
"58","2","50",NA,NA
"59","2","50",NA,NA
"60","2","50",NA,NA
"61","2","50",NA,NA
"62","2","50",NA,NA
"63","2","50",NA,NA
"64","2","50",NA,NA
"65","2","50",NA,NA
"66","2","50",NA,NA
"67","2","50",NA,NA
"68","2","50",NA,NA
"69","2","50",NA,NA
"70","2","50",NA,NA
"71","2","50",NA,NA
"72","2","50",NA,NA
"73","2","50",NA,NA
"74","2","50",NA,NA
"75","2","50",NA,NA
"76","2","50",NA,NA
"77","2","50",NA,NA
"78","2","50",NA,NA
"79","2","50",NA,NA
"80","2","50",NA,NA
"81","2","50",NA,NA
"82","2","50",NA,NA
"83","2","50",NA,NA
"84","2","50",NA,NA
"85","2","50",NA,NA
"86","2","50",NA,NA
"87","2","50",NA,NA
"88","2","50",NA,NA
"89","2","50",NA,NA
"90","2","50",NA,NA
"91","2","50",NA,NA
"92","2","50",NA,NA
"93","2","50",NA,NA
"94","2","50",NA,NA
"95","2","50",NA,NA
"96","2","50",NA,NA
"97","2","50",NA,NA
"98","2","50",NA,NA
"99","2","50",NA,NA
"100","2","50",NA,NA
"101","2","50",NA,NA
"102","2","50",NA,NA
"103","2","50",NA,NA
"104","2","50",NA,NA
"105","2","50",NA,NA
"106","2","50",NA,NA
"107","2","50",NA,NA
"108","2","50",NA,NA
"109","2","50",NA,NA
"110","2","50",NA,NA
"111","2","50",NA,NA
"112","2","50",NA,NA
"113","2","50",NA,NA
"114","2","50",NA,NA
"115","2","50",NA,NA
"116","2","50",NA,NA
"117","2","50",NA,NA
"118","2","50",NA,NA
"119","2","50",NA,NA
"120","2","50",NA,NA
"121","2","50",NA,NA
"122","2","50",NA,NA
"123","2","50",NA,NA
"124","2","50",NA,NA
"125","2","50",NA,NA
"126","2","50",NA,NA
"127","2","50",NA,NA
"128","2","50",NA,NA
"129","2","50",NA,NA
"130","2","50",NA,NA
"131","2","50",NA,NA
"132","2","50",NA,NA
"133","2","50",NA,NA
"134","2","50",NA,NA
"135","2","50",NA,NA
"136","2","50",NA,NA
"137","2","50",NA,NA
"138","2","50",NA,NA
"139","2","50",NA,NA
"140","2","50",NA,NA
"141","2","50",NA,NA
"142","2","50",NA,NA
"143","2","50",NA,NA
"144","2","50",NA,NA
"145","2","50",NA,NA
"146","2","50",NA,NA
"147","2","50",NA,NA
"148","2","50",NA,NA
"149","2","50",NA,NA
"150","2","50",NA,NA
"151","2","50",NA,NA
"152","2","50",NA,NA
"153","2","50",NA,NA
"154","2","50",NA,NA
"155","2","50",NA,NA
"156","2","50",NA,NA
"157","2","50",NA,NA
"158","2","50",NA,NA
"159","2","50",NA,NA
"160","2","50",NA,NA
"161","2","50",NA,NA
"162","2","50",NA,NA
"163","2","50",NA,NA
"164","2","50",NA,NA
"165","2","50",NA,NA
"166","2","50",NA,NA
"167","2","50",NA,NA
"168","2","50",NA,NA
"169","2","50",NA,NA
"170","2","50",NA,NA
"171","2","50",NA,NA
"172","2","50",NA,NA
"173","2","50",NA,NA
"174","2","50",NA,NA
"175","2","50",NA,NA
"176","2","50",NA,NA
"177","2","50",NA,NA
"178","2","50",NA,NA
"179","2","50",NA,NA
"180","2","50",NA,NA
"181","2","50",NA,NA
"182","2","50",NA,NA
"183","2","50",NA,NA
"184","2","50",NA,NA
"185","2","50",NA,NA
"186","2","50",NA,NA
"187","2","50",NA,NA
"188","2","50",NA,NA
"189","2","50",NA,NA
"190","2","50",NA,NA
"191","2","50",NA,NA
"192","2","50",NA,NA
"193","2","50",NA,NA
"194","2","50",NA,NA
"195","2","50",NA,NA
"196","2","50",NA,NA
"197","2","50",NA,NA
"198","2","50",NA,NA
"199","2","50",NA,NA
"200","2","50",NA,NA
"201","2","50",NA,NA
"202","2","50",NA,NA
"203","2","50",NA,NA
"204","2","50",NA,NA
"205","2","50",NA,NA
"206","2","50",NA,NA
"207","2","50",NA,NA
"208","2","50",NA,NA
"209","2","50",NA,NA
"210","2","50",NA,NA
"211","2","50",NA,NA
"212","2","50",NA,NA
"213","2","50",NA,NA
"214","2","50",NA,NA
"215","2","50",NA,NA
"216","2","50",NA,NA
"217","2","50",NA,NA
"218","2","50",NA,NA
"219","2","50",NA,NA
"220","2","50",NA,NA
"221","2","50",NA,NA
"222","2","50",NA,NA
"223","2","50",NA,NA
"224","2","50",NA,NA
"225","2","50",NA,NA
"226","2","50",NA,NA
"227","2","50",NA,NA
"228","2","50",NA,NA
"229","2","50",NA,NA
"230","2","50",NA,NA
"231","2","50",NA,NA
"232","2","50",NA,NA
"233","2","50",NA,NA
"234","2","50",NA,NA
"235","2","50",NA,NA
"236","2","50",NA,NA
"237","2","50",NA,NA
"238","2","50",NA,NA
"239","2","50",NA,NA
"240","2","50",NA,NA
"241","2","50",NA,NA
"242","2","50",NA,NA
"243","2","50",NA,NA
"244","2","50",NA,NA
"245","2","50",NA,NA
"246","2","50",NA,NA
"247","2","50",NA,NA
"248","2","50",NA,NA
"249","2","50",NA,NA
"250","2","50",NA,NA
"251","2","50",NA,NA
"252","2","50",NA,NA
"253","2","50",NA,NA
"254","2","50",NA,NA
"255","2","50",NA,NA
"256","2","50",NA,NA
"257","2","50",NA,NA
"258","2","50",NA,NA
"259","2","50",NA,NA
"260","2","50",NA,NA
"261","2","50",NA,NA
"262","2","50",NA,NA
"263","2","50",NA,NA
"264","2","50",NA,NA
"265","2","50",NA,NA
"266","2","50",NA,NA
"267","2","50",NA,NA
"268","2","50",NA,NA
"269","2","50",NA,NA
"270","2","50",NA,NA
"271","2","50",NA,NA
"272","2","50",NA,NA
"273","2","50",NA,NA
"274","2","50",NA,NA
"275","2","50",NA,NA
"276","2","50",NA,NA
"277","2","50",NA,NA
"278","2","50",NA,NA
"279","2","50",NA,NA
"280","2","50",NA,NA
"281","2","50",NA,NA
"282","2","50",NA,NA
"283","2","50",NA,NA
"284","2","50",NA,NA
"285","2","50",NA,NA
"286","2","50",NA,NA
"287","2","50",NA,NA
"288","2","50",NA,NA
"289","2","50",NA,NA
"290","2","50",NA,NA
"291","2","50",NA,NA
"292","2","50",NA,NA
"293","2","50",NA,NA
"294","2","50",NA,NA
"295","2","50",NA,NA
"296","2","50",NA,NA
"297","2","50",NA,NA
"298","2","50",NA,NA
"299","2","50",NA,NA
"300","2","50",NA,NA
"301","2","50",NA,NA
"302","2","50",NA,NA
"303","2","50",NA,NA
"304","2","50",NA,NA
"305","2","50",NA,NA
"306","2","50",NA,NA
"307","2","50",NA,NA
"308","2","50",NA,NA
"309","2","50",NA,NA
"310","2","50",NA,NA
"311","2","50",NA,NA
"312","2","50",NA,NA
"313","2","50",NA,NA
"314","2","50",NA,NA
"315","2","50",NA,NA
"316","2","50",NA,NA
"317","2","50",NA,NA
"318","2","50",NA,NA
"319","2","50",NA,NA
"320","2","50",NA,NA
"321","2","50",NA,NA
"322","2","50",NA,NA
"323","2","50",NA,NA
"324","2","50",NA,NA
"325","2","50",NA,NA
"326","2","50",NA,NA
"327","2","50",NA,NA
"328","2","50",NA,NA
"329","2","50",NA,NA
"330","2","50",NA,NA
"331","2","50",NA,NA
"332","2","50",NA,NA
"333","2","50",NA,NA
"334","2","50",NA,NA
"335","2","50",NA,NA
"336","2","50",NA,NA
"337","2","50",NA,NA
"338","2","50",NA,NA
"339","2","50",NA,NA
"340","2","50",NA,NA
"341","2","50",NA,NA
"342","2","50",NA,NA
"343","2","50",NA,NA
"344","2","50",NA,NA
"345","2","50",NA,NA
"346","2","50",NA,NA
"347","2","50",NA,NA
"348","2","50",NA,NA
"349","2","50",NA,NA
"350","2","50",NA,NA
"351","2","50",NA,NA
"352","2","50",NA,NA
"353","2","50",NA,NA
"354","2","50",NA,NA
"355","2","50",NA,NA
"356","2","50",NA,NA
"357","2","50",NA,NA
"358","2","50",NA,NA
"359","2","50",NA,NA
"360","2","50",NA,NA
"361","2","50",NA,NA
"362","2","50",NA,NA
"363","2","50",NA,NA
"364","2","50",NA,NA
"365","2","50",NA,NA
"366","2","50",NA,NA
"367","2","50",NA,NA
"368","2","50",NA,NA
"369","2","50",NA,NA
"370","2","50",NA,NA
"371","2","50",NA,NA
"372","2","50",NA,NA
"373","2","50",NA,NA
"374","2","50",NA,NA
"375","2","50",NA,NA
"376","2","50",NA,NA
"377","2","50",NA,NA
"378","2","50",NA,NA
"379","2","50",NA,NA
"380","2","50",NA,NA
"381","2","50",NA,NA
"382","2","50",NA,NA
"383","2","50",NA,NA
"384","2","50",NA,NA
"385","2","50",NA,NA
"386","2","50",NA,NA
"387","2","50",NA,NA
"388","2","50",NA,NA
"389","2","50",NA,NA
"390","2","50",NA,NA
"391","2","50",NA,NA
"392","2","50",NA,NA
"393","2","50",NA,NA
"394","2","50",NA,NA
"395","2","50",NA,NA
"396","2","50",NA,NA
"397","2","50",NA,NA
"398","2","50",NA,NA
"399","2","50",NA,NA
"400","2","50",NA,NA
"401","2","50",NA,NA
"402","2","50",NA,NA
"403","2","50",NA,NA
"404","2","50",NA,NA
"405","2","50",NA,NA
"406","2","50",NA,NA
"407","2","50",NA,NA
"408","2","50",NA,NA
"409","2","50",NA,NA
"410","2","50",NA,NA
"411","2","50",NA,NA
"412","2","50",NA,NA
"413","2","50",NA,NA
"414","2","50",NA,NA
"415","2","50",NA,NA
"416","2","50",NA,NA
"417","2","50",NA,NA
"418","2","50",NA,NA
"419","2","50",NA,NA
"420","2","50",NA,NA
"421","2","50",NA,NA
"422","2","50",NA,NA
"423","2","50",NA,NA
"424","2","50",NA,NA
"425","2","50",NA,NA
"426","2","50",NA,NA
"427","2","50",NA,NA
"428","2","50",NA,NA
"429","2","50",NA,NA
"430","2","50",NA,NA
"431","2","50",NA,NA
"432","2","50",NA,NA
"433","2","50",NA,NA
"434","2","50",NA,NA
"435","2","50",NA,NA
"436","2","50",NA,NA
"437","2","50",NA,NA
"438","2","50",NA,NA
"439","2","50",NA,NA
"440","2","50",NA,NA
"441","2","50",NA,NA
"442","2","50",NA,NA
"443","2","50",NA,NA
"444","2","50",NA,NA
"445","2","50",NA,NA
"446","2","50",NA,NA
"447","2","50",NA,NA
"448","2","50",NA,NA
"449","2","50",NA,NA
"450","2","50",NA,NA
"451","2","50",NA,NA
"452","2","50",NA,NA
"453","2","50",NA,NA
"454","2","50",NA,NA
"455","2","50",NA,NA
"456","2","50",NA,NA
"457","2","50",NA,NA
"458","2","50",NA,NA
"459","2","50",NA,NA
"460","2","50",NA,NA
"461","2","50",NA,NA
"462","2","50",NA,NA
"463","2","50",NA,NA
"464","2","50",NA,NA
"465","2","50",NA,NA
"466","2","50",NA,NA
"467","2","50",NA,NA
"468","2","50",NA,NA
"469","2","50",NA,NA
"470","2","50",NA,NA
"471","2","50",NA,NA
"472","2","50",NA,NA
"473","2","50",NA,NA
"474","2","50",NA,NA
"475","2","50",NA,NA
"476","2","50",NA,NA
"477","2","50",NA,NA
"478","2","50",NA,NA
"479","2","50",NA,NA
"480","2","50",NA,NA
"481","2","50",NA,NA
"482","2","50",NA,NA
"483","2","50",NA,NA
"484","2","50",NA,NA
"485","2","50",NA,NA
"486","2","50",NA,NA
"487","2","50",NA,NA
"488","2","50",NA,NA
"489","2","50",NA,NA
"490","2","50",NA,NA
"491","2","50",NA,NA
"492","2","50",NA,NA
"493","2","50",NA,NA
"494","2","50",NA,NA
"495","2","50",NA,NA
"496","2","50",NA,NA
"497","2","50",NA,NA
"498","2","50",NA,NA
"499","2","50",NA,NA
"500","2","50",NA,NA
"1","3","50",0.999970548925959,1
"2","3","50",NA,NA
"3","3","50",NA,NA
"4","3","50",NA,NA
"5","3","50",NA,NA
"6","3","50",NA,NA
"7","3","50",NA,NA
"8","3","50",NA,NA
"9","3","50",NA,NA
"10","3","50",NA,NA
"11","3","50",NA,NA
"12","3","50",NA,NA
"13","3","50",NA,NA
"14","3","50",NA,NA
"15","3","50",NA,NA
"16","3","50",NA,NA
"17","3","50",NA,NA
"18","3","50",NA,NA
"19","3","50",NA,NA
"20","3","50",NA,NA
"21","3","50",NA,NA
"22","3","50",NA,NA
"23","3","50",NA,NA
"24","3","50",NA,NA
"25","3","50",NA,NA
"26","3","50",NA,NA
"27","3","50",NA,NA
"28","3","50",NA,NA
"29","3","50",NA,NA
"30","3","50",NA,NA
"31","3","50",NA,NA
"32","3","50",NA,NA
"33","3","50",NA,NA
"34","3","50",NA,NA
"35","3","50",NA,NA
"36","3","50",NA,NA
"37","3","50",NA,NA
"38","3","50",NA,NA
"39","3","50",NA,NA
"40","3","50",NA,NA
"41","3","50",NA,NA
"42","3","50",NA,NA
"43","3","50",NA,NA
"44","3","50",NA,NA
"45","3","50",NA,NA
"46","3","50",NA,NA
"47","3","50",NA,NA
"48","3","50",NA,NA
"49","3","50",NA,NA
"50","3","50",NA,NA
"51","3","50",NA,NA
"52","3","50",NA,NA
"53","3","50",NA,NA
"54","3","50",NA,NA
"55","3","50",NA,NA
"56","3","50",NA,NA
"57","3","50",NA,NA
"58","3","50",NA,NA
"59","3","50",NA,NA
"60","3","50",NA,NA
"61","3","50",NA,NA
"62","3","50",NA,NA
"63","3","50",NA,NA
"64","3","50",NA,NA
"65","3","50",NA,NA
"66","3","50",NA,NA
"67","3","50",NA,NA
"68","3","50",NA,NA
"69","3","50",NA,NA
"70","3","50",NA,NA
"71","3","50",NA,NA
"72","3","50",NA,NA
"73","3","50",NA,NA
"74","3","50",NA,NA
"75","3","50",NA,NA
"76","3","50",NA,NA
"77","3","50",NA,NA
"78","3","50",NA,NA
"79","3","50",NA,NA
"80","3","50",NA,NA
"81","3","50",NA,NA
"82","3","50",NA,NA
"83","3","50",NA,NA
"84","3","50",NA,NA
"85","3","50",NA,NA
"86","3","50",NA,NA
"87","3","50",NA,NA
"88","3","50",NA,NA
"89","3","50",NA,NA
"90","3","50",NA,NA
"91","3","50",NA,NA
"92","3","50",NA,NA
"93","3","50",NA,NA
"94","3","50",NA,NA
"95","3","50",NA,NA
"96","3","50",NA,NA
"97","3","50",NA,NA
"98","3","50",NA,NA
"99","3","50",NA,NA
"100","3","50",NA,NA
"101","3","50",NA,NA
"102","3","50",NA,NA
"103","3","50",NA,NA
"104","3","50",NA,NA
"105","3","50",NA,NA
"106","3","50",NA,NA
"107","3","50",NA,NA
"108","3","50",NA,NA
"109","3","50",NA,NA
"110","3","50",NA,NA
"111","3","50",NA,NA
"112","3","50",NA,NA
"113","3","50",NA,NA
"114","3","50",NA,NA
"115","3","50",NA,NA
"116","3","50",NA,NA
"117","3","50",NA,NA
"118","3","50",NA,NA
"119","3","50",NA,NA
"120","3","50",NA,NA
"121","3","50",NA,NA
"122","3","50",NA,NA
"123","3","50",NA,NA
"124","3","50",NA,NA
"125","3","50",NA,NA
"126","3","50",NA,NA
"127","3","50",NA,NA
"128","3","50",NA,NA
"129","3","50",NA,NA
"130","3","50",NA,NA
"131","3","50",NA,NA
"132","3","50",NA,NA
"133","3","50",NA,NA
"134","3","50",NA,NA
"135","3","50",NA,NA
"136","3","50",NA,NA
"137","3","50",NA,NA
"138","3","50",NA,NA
"139","3","50",NA,NA
"140","3","50",NA,NA
"141","3","50",NA,NA
"142","3","50",NA,NA
"143","3","50",NA,NA
"144","3","50",NA,NA
"145","3","50",NA,NA
"146","3","50",NA,NA
"147","3","50",NA,NA
"148","3","50",NA,NA
"149","3","50",NA,NA
"150","3","50",NA,NA
"151","3","50",NA,NA
"152","3","50",NA,NA
"153","3","50",NA,NA
"154","3","50",NA,NA
"155","3","50",NA,NA
"156","3","50",NA,NA
"157","3","50",NA,NA
"158","3","50",NA,NA
"159","3","50",NA,NA
"160","3","50",NA,NA
"161","3","50",NA,NA
"162","3","50",NA,NA
"163","3","50",NA,NA
"164","3","50",NA,NA
"165","3","50",NA,NA
"166","3","50",NA,NA
"167","3","50",NA,NA
"168","3","50",NA,NA
"169","3","50",NA,NA
"170","3","50",NA,NA
"171","3","50",NA,NA
"172","3","50",NA,NA
"173","3","50",NA,NA
"174","3","50",NA,NA
"175","3","50",NA,NA
"176","3","50",NA,NA
"177","3","50",NA,NA
"178","3","50",NA,NA
"179","3","50",NA,NA
"180","3","50",NA,NA
"181","3","50",NA,NA
"182","3","50",NA,NA
"183","3","50",NA,NA
"184","3","50",NA,NA
"185","3","50",NA,NA
"186","3","50",NA,NA
"187","3","50",NA,NA
"188","3","50",NA,NA
"189","3","50",NA,NA
"190","3","50",NA,NA
"191","3","50",NA,NA
"192","3","50",NA,NA
"193","3","50",NA,NA
"194","3","50",NA,NA
"195","3","50",NA,NA
"196","3","50",NA,NA
"197","3","50",NA,NA
"198","3","50",NA,NA
"199","3","50",NA,NA
"200","3","50",NA,NA
"201","3","50",NA,NA
"202","3","50",NA,NA
"203","3","50",NA,NA
"204","3","50",NA,NA
"205","3","50",NA,NA
"206","3","50",NA,NA
"207","3","50",NA,NA
"208","3","50",NA,NA
"209","3","50",NA,NA
"210","3","50",NA,NA
"211","3","50",NA,NA
"212","3","50",NA,NA
"213","3","50",NA,NA
"214","3","50",NA,NA
"215","3","50",NA,NA
"216","3","50",NA,NA
"217","3","50",NA,NA
"218","3","50",NA,NA
"219","3","50",NA,NA
"220","3","50",NA,NA
"221","3","50",NA,NA
"222","3","50",NA,NA
"223","3","50",NA,NA
"224","3","50",NA,NA
"225","3","50",NA,NA
"226","3","50",NA,NA
"227","3","50",NA,NA
"228","3","50",NA,NA
"229","3","50",NA,NA
"230","3","50",NA,NA
"231","3","50",NA,NA
"232","3","50",NA,NA
"233","3","50",NA,NA
"234","3","50",NA,NA
"235","3","50",NA,NA
"236","3","50",NA,NA
"237","3","50",NA,NA
"238","3","50",NA,NA
"239","3","50",NA,NA
"240","3","50",NA,NA
"241","3","50",NA,NA
"242","3","50",NA,NA
"243","3","50",NA,NA
"244","3","50",NA,NA
"245","3","50",NA,NA
"246","3","50",NA,NA
"247","3","50",NA,NA
"248","3","50",NA,NA
"249","3","50",NA,NA
"250","3","50",NA,NA
"251","3","50",NA,NA
"252","3","50",NA,NA
"253","3","50",NA,NA
"254","3","50",NA,NA
"255","3","50",NA,NA
"256","3","50",NA,NA
"257","3","50",NA,NA
"258","3","50",NA,NA
"259","3","50",NA,NA
"260","3","50",NA,NA
"261","3","50",NA,NA
"262","3","50",NA,NA
"263","3","50",NA,NA
"264","3","50",NA,NA
"265","3","50",NA,NA
"266","3","50",NA,NA
"267","3","50",NA,NA
"268","3","50",NA,NA
"269","3","50",NA,NA
"270","3","50",NA,NA
"271","3","50",NA,NA
"272","3","50",NA,NA
"273","3","50",NA,NA
"274","3","50",NA,NA
"275","3","50",NA,NA
"276","3","50",NA,NA
"277","3","50",NA,NA
"278","3","50",NA,NA
"279","3","50",NA,NA
"280","3","50",NA,NA
"281","3","50",NA,NA
"282","3","50",NA,NA
"283","3","50",NA,NA
"284","3","50",NA,NA
"285","3","50",NA,NA
"286","3","50",NA,NA
"287","3","50",NA,NA
"288","3","50",NA,NA
"289","3","50",NA,NA
"290","3","50",NA,NA
"291","3","50",NA,NA
"292","3","50",NA,NA
"293","3","50",NA,NA
"294","3","50",NA,NA
"295","3","50",NA,NA
"296","3","50",NA,NA
"297","3","50",NA,NA
"298","3","50",NA,NA
"299","3","50",NA,NA
"300","3","50",NA,NA
"301","3","50",NA,NA
"302","3","50",NA,NA
"303","3","50",NA,NA
"304","3","50",NA,NA
"305","3","50",NA,NA
"306","3","50",NA,NA
"307","3","50",NA,NA
"308","3","50",NA,NA
"309","3","50",NA,NA
"310","3","50",NA,NA
"311","3","50",NA,NA
"312","3","50",NA,NA
"313","3","50",NA,NA
"314","3","50",NA,NA
"315","3","50",NA,NA
"316","3","50",NA,NA
"317","3","50",NA,NA
"318","3","50",NA,NA
"319","3","50",NA,NA
"320","3","50",NA,NA
"321","3","50",NA,NA
"322","3","50",NA,NA
"323","3","50",NA,NA
"324","3","50",NA,NA
"325","3","50",NA,NA
"326","3","50",NA,NA
"327","3","50",NA,NA
"328","3","50",NA,NA
"329","3","50",NA,NA
"330","3","50",NA,NA
"331","3","50",NA,NA
"332","3","50",NA,NA
"333","3","50",NA,NA
"334","3","50",NA,NA
"335","3","50",NA,NA
"336","3","50",NA,NA
"337","3","50",NA,NA
"338","3","50",NA,NA
"339","3","50",NA,NA
"340","3","50",NA,NA
"341","3","50",NA,NA
"342","3","50",NA,NA
"343","3","50",NA,NA
"344","3","50",NA,NA
"345","3","50",NA,NA
"346","3","50",NA,NA
"347","3","50",NA,NA
"348","3","50",NA,NA
"349","3","50",NA,NA
"350","3","50",NA,NA
"351","3","50",NA,NA
"352","3","50",NA,NA
"353","3","50",NA,NA
"354","3","50",NA,NA
"355","3","50",NA,NA
"356","3","50",NA,NA
"357","3","50",NA,NA
"358","3","50",NA,NA
"359","3","50",NA,NA
"360","3","50",NA,NA
"361","3","50",NA,NA
"362","3","50",NA,NA
"363","3","50",NA,NA
"364","3","50",NA,NA
"365","3","50",NA,NA
"366","3","50",NA,NA
"367","3","50",NA,NA
"368","3","50",NA,NA
"369","3","50",NA,NA
"370","3","50",NA,NA
"371","3","50",NA,NA
"372","3","50",NA,NA
"373","3","50",NA,NA
"374","3","50",NA,NA
"375","3","50",NA,NA
"376","3","50",NA,NA
"377","3","50",NA,NA
"378","3","50",NA,NA
"379","3","50",NA,NA
"380","3","50",NA,NA
"381","3","50",NA,NA
"382","3","50",NA,NA
"383","3","50",NA,NA
"384","3","50",NA,NA
"385","3","50",NA,NA
"386","3","50",NA,NA
"387","3","50",NA,NA
"388","3","50",NA,NA
"389","3","50",NA,NA
"390","3","50",NA,NA
"391","3","50",NA,NA
"392","3","50",NA,NA
"393","3","50",NA,NA
"394","3","50",NA,NA
"395","3","50",NA,NA
"396","3","50",NA,NA
"397","3","50",NA,NA
"398","3","50",NA,NA
"399","3","50",NA,NA
"400","3","50",NA,NA
"401","3","50",NA,NA
"402","3","50",NA,NA
"403","3","50",NA,NA
"404","3","50",NA,NA
"405","3","50",NA,NA
"406","3","50",NA,NA
"407","3","50",NA,NA
"408","3","50",NA,NA
"409","3","50",NA,NA
"410","3","50",NA,NA
"411","3","50",NA,NA
"412","3","50",NA,NA
"413","3","50",NA,NA
"414","3","50",NA,NA
"415","3","50",NA,NA
"416","3","50",NA,NA
"417","3","50",NA,NA
"418","3","50",NA,NA
"419","3","50",NA,NA
"420","3","50",NA,NA
"421","3","50",NA,NA
"422","3","50",NA,NA
"423","3","50",NA,NA
"424","3","50",NA,NA
"425","3","50",NA,NA
"426","3","50",NA,NA
"427","3","50",NA,NA
"428","3","50",NA,NA
"429","3","50",NA,NA
"430","3","50",NA,NA
"431","3","50",NA,NA
"432","3","50",NA,NA
"433","3","50",NA,NA
"434","3","50",NA,NA
"435","3","50",NA,NA
"436","3","50",NA,NA
"437","3","50",NA,NA
"438","3","50",NA,NA
"439","3","50",NA,NA
"440","3","50",NA,NA
"441","3","50",NA,NA
"442","3","50",NA,NA
"443","3","50",NA,NA
"444","3","50",NA,NA
"445","3","50",NA,NA
"446","3","50",NA,NA
"447","3","50",NA,NA
"448","3","50",NA,NA
"449","3","50",NA,NA
"450","3","50",NA,NA
"451","3","50",NA,NA
"452","3","50",NA,NA
"453","3","50",NA,NA
"454","3","50",NA,NA
"455","3","50",NA,NA
"456","3","50",NA,NA
"457","3","50",NA,NA
"458","3","50",NA,NA
"459","3","50",NA,NA
"460","3","50",NA,NA
"461","3","50",NA,NA
"462","3","50",NA,NA
"463","3","50",NA,NA
"464","3","50",NA,NA
"465","3","50",NA,NA
"466","3","50",NA,NA
"467","3","50",NA,NA
"468","3","50",NA,NA
"469","3","50",NA,NA
"470","3","50",NA,NA
"471","3","50",NA,NA
"472","3","50",NA,NA
"473","3","50",NA,NA
"474","3","50",NA,NA
"475","3","50",NA,NA
"476","3","50",NA,NA
"477","3","50",NA,NA
"478","3","50",NA,NA
"479","3","50",NA,NA
"480","3","50",NA,NA
"481","3","50",NA,NA
"482","3","50",NA,NA
"483","3","50",NA,NA
"484","3","50",NA,NA
"485","3","50",NA,NA
"486","3","50",NA,NA
"487","3","50",NA,NA
"488","3","50",NA,NA
"489","3","50",NA,NA
"490","3","50",NA,NA
"491","3","50",NA,NA
"492","3","50",NA,NA
"493","3","50",NA,NA
"494","3","50",NA,NA
"495","3","50",NA,NA
"496","3","50",NA,NA
"497","3","50",NA,NA
"498","3","50",NA,NA
"499","3","50",NA,NA
"500","3","50",NA,NA
"1","4","50",0.999966251913705,1
"2","4","50",NA,NA
"3","4","50",NA,NA
"4","4","50",NA,NA
"5","4","50",NA,NA
"6","4","50",NA,NA
"7","4","50",NA,NA
"8","4","50",NA,NA
"9","4","50",NA,NA
"10","4","50",NA,NA
"11","4","50",NA,NA
"12","4","50",NA,NA
"13","4","50",NA,NA
"14","4","50",NA,NA
"15","4","50",NA,NA
"16","4","50",NA,NA
"17","4","50",NA,NA
"18","4","50",NA,NA
"19","4","50",NA,NA
"20","4","50",NA,NA
"21","4","50",NA,NA
"22","4","50",NA,NA
"23","4","50",NA,NA
"24","4","50",NA,NA
"25","4","50",NA,NA
"26","4","50",NA,NA
"27","4","50",NA,NA
"28","4","50",NA,NA
"29","4","50",NA,NA
"30","4","50",NA,NA
"31","4","50",NA,NA
"32","4","50",NA,NA
"33","4","50",NA,NA
"34","4","50",NA,NA
"35","4","50",NA,NA
"36","4","50",NA,NA
"37","4","50",NA,NA
"38","4","50",NA,NA
"39","4","50",NA,NA
"40","4","50",NA,NA
"41","4","50",NA,NA
"42","4","50",NA,NA
"43","4","50",NA,NA
"44","4","50",NA,NA
"45","4","50",NA,NA
"46","4","50",NA,NA
"47","4","50",NA,NA
"48","4","50",NA,NA
"49","4","50",NA,NA
"50","4","50",NA,NA
"51","4","50",NA,NA
"52","4","50",NA,NA
"53","4","50",NA,NA
"54","4","50",NA,NA
"55","4","50",NA,NA
"56","4","50",NA,NA
"57","4","50",NA,NA
"58","4","50",NA,NA
"59","4","50",NA,NA
"60","4","50",NA,NA
"61","4","50",NA,NA
"62","4","50",NA,NA
"63","4","50",NA,NA
"64","4","50",NA,NA
"65","4","50",NA,NA
"66","4","50",NA,NA
"67","4","50",NA,NA
"68","4","50",NA,NA
"69","4","50",NA,NA
"70","4","50",NA,NA
"71","4","50",NA,NA
"72","4","50",NA,NA
"73","4","50",NA,NA
"74","4","50",NA,NA
"75","4","50",NA,NA
"76","4","50",NA,NA
"77","4","50",NA,NA
"78","4","50",NA,NA
"79","4","50",NA,NA
"80","4","50",NA,NA
"81","4","50",NA,NA
"82","4","50",NA,NA
"83","4","50",NA,NA
"84","4","50",NA,NA
"85","4","50",NA,NA
"86","4","50",NA,NA
"87","4","50",NA,NA
"88","4","50",NA,NA
"89","4","50",NA,NA
"90","4","50",NA,NA
"91","4","50",NA,NA
"92","4","50",NA,NA
"93","4","50",NA,NA
"94","4","50",NA,NA
"95","4","50",NA,NA
"96","4","50",NA,NA
"97","4","50",NA,NA
"98","4","50",NA,NA
"99","4","50",NA,NA
"100","4","50",NA,NA
"101","4","50",NA,NA
"102","4","50",NA,NA
"103","4","50",NA,NA
"104","4","50",NA,NA
"105","4","50",NA,NA
"106","4","50",NA,NA
"107","4","50",NA,NA
"108","4","50",NA,NA
"109","4","50",NA,NA
"110","4","50",NA,NA
"111","4","50",NA,NA
"112","4","50",NA,NA
"113","4","50",NA,NA
"114","4","50",NA,NA
"115","4","50",NA,NA
"116","4","50",NA,NA
"117","4","50",NA,NA
"118","4","50",NA,NA
"119","4","50",NA,NA
"120","4","50",NA,NA
"121","4","50",NA,NA
"122","4","50",NA,NA
"123","4","50",NA,NA
"124","4","50",NA,NA
"125","4","50",NA,NA
"126","4","50",NA,NA
"127","4","50",NA,NA
"128","4","50",NA,NA
"129","4","50",NA,NA
"130","4","50",NA,NA
"131","4","50",NA,NA
"132","4","50",NA,NA
"133","4","50",NA,NA
"134","4","50",NA,NA
"135","4","50",NA,NA
"136","4","50",NA,NA
"137","4","50",NA,NA
"138","4","50",NA,NA
"139","4","50",NA,NA
"140","4","50",NA,NA
"141","4","50",NA,NA
"142","4","50",NA,NA
"143","4","50",NA,NA
"144","4","50",NA,NA
"145","4","50",NA,NA
"146","4","50",NA,NA
"147","4","50",NA,NA
"148","4","50",NA,NA
"149","4","50",NA,NA
"150","4","50",NA,NA
"151","4","50",NA,NA
"152","4","50",NA,NA
"153","4","50",NA,NA
"154","4","50",NA,NA
"155","4","50",NA,NA
"156","4","50",NA,NA
"157","4","50",NA,NA
"158","4","50",NA,NA
"159","4","50",NA,NA
"160","4","50",NA,NA
"161","4","50",NA,NA
"162","4","50",NA,NA
"163","4","50",NA,NA
"164","4","50",NA,NA
"165","4","50",NA,NA
"166","4","50",NA,NA
"167","4","50",NA,NA
"168","4","50",NA,NA
"169","4","50",NA,NA
"170","4","50",NA,NA
"171","4","50",NA,NA
"172","4","50",NA,NA
"173","4","50",NA,NA
"174","4","50",NA,NA
"175","4","50",NA,NA
"176","4","50",NA,NA
"177","4","50",NA,NA
"178","4","50",NA,NA
"179","4","50",NA,NA
"180","4","50",NA,NA
"181","4","50",NA,NA
"182","4","50",NA,NA
"183","4","50",NA,NA
"184","4","50",NA,NA
"185","4","50",NA,NA
"186","4","50",NA,NA
"187","4","50",NA,NA
"188","4","50",NA,NA
"189","4","50",NA,NA
"190","4","50",NA,NA
"191","4","50",NA,NA
"192","4","50",NA,NA
"193","4","50",NA,NA
"194","4","50",NA,NA
"195","4","50",NA,NA
"196","4","50",NA,NA
"197","4","50",NA,NA
"198","4","50",NA,NA
"199","4","50",NA,NA
"200","4","50",NA,NA
"201","4","50",NA,NA
"202","4","50",NA,NA
"203","4","50",NA,NA
"204","4","50",NA,NA
"205","4","50",NA,NA
"206","4","50",NA,NA
"207","4","50",NA,NA
"208","4","50",NA,NA
"209","4","50",NA,NA
"210","4","50",NA,NA
"211","4","50",NA,NA
"212","4","50",NA,NA
"213","4","50",NA,NA
"214","4","50",NA,NA
"215","4","50",NA,NA
"216","4","50",NA,NA
"217","4","50",NA,NA
"218","4","50",NA,NA
"219","4","50",NA,NA
"220","4","50",NA,NA
"221","4","50",NA,NA
"222","4","50",NA,NA
"223","4","50",NA,NA
"224","4","50",NA,NA
"225","4","50",NA,NA
"226","4","50",NA,NA
"227","4","50",NA,NA
"228","4","50",NA,NA
"229","4","50",NA,NA
"230","4","50",NA,NA
"231","4","50",NA,NA
"232","4","50",NA,NA
"233","4","50",NA,NA
"234","4","50",NA,NA
"235","4","50",NA,NA
"236","4","50",NA,NA
"237","4","50",NA,NA
"238","4","50",NA,NA
"239","4","50",NA,NA
"240","4","50",NA,NA
"241","4","50",NA,NA
"242","4","50",NA,NA
"243","4","50",NA,NA
"244","4","50",NA,NA
"245","4","50",NA,NA
"246","4","50",NA,NA
"247","4","50",NA,NA
"248","4","50",NA,NA
"249","4","50",NA,NA
"250","4","50",NA,NA
"251","4","50",NA,NA
"252","4","50",NA,NA
"253","4","50",NA,NA
"254","4","50",NA,NA
"255","4","50",NA,NA
"256","4","50",NA,NA
"257","4","50",NA,NA
"258","4","50",NA,NA
"259","4","50",NA,NA
"260","4","50",NA,NA
"261","4","50",NA,NA
"262","4","50",NA,NA
"263","4","50",NA,NA
"264","4","50",NA,NA
"265","4","50",NA,NA
"266","4","50",NA,NA
"267","4","50",NA,NA
"268","4","50",NA,NA
"269","4","50",NA,NA
"270","4","50",NA,NA
"271","4","50",NA,NA
"272","4","50",NA,NA
"273","4","50",NA,NA
"274","4","50",NA,NA
"275","4","50",NA,NA
"276","4","50",NA,NA
"277","4","50",NA,NA
"278","4","50",NA,NA
"279","4","50",NA,NA
"280","4","50",NA,NA
"281","4","50",NA,NA
"282","4","50",NA,NA
"283","4","50",NA,NA
"284","4","50",NA,NA
"285","4","50",NA,NA
"286","4","50",NA,NA
"287","4","50",NA,NA
"288","4","50",NA,NA
"289","4","50",NA,NA
"290","4","50",NA,NA
"291","4","50",NA,NA
"292","4","50",NA,NA
"293","4","50",NA,NA
"294","4","50",NA,NA
"295","4","50",NA,NA
"296","4","50",NA,NA
"297","4","50",NA,NA
"298","4","50",NA,NA
"299","4","50",NA,NA
"300","4","50",NA,NA
"301","4","50",NA,NA
"302","4","50",NA,NA
"303","4","50",NA,NA
"304","4","50",NA,NA
"305","4","50",NA,NA
"306","4","50",NA,NA
"307","4","50",NA,NA
"308","4","50",NA,NA
"309","4","50",NA,NA
"310","4","50",NA,NA
"311","4","50",NA,NA
"312","4","50",NA,NA
"313","4","50",NA,NA
"314","4","50",NA,NA
"315","4","50",NA,NA
"316","4","50",NA,NA
"317","4","50",NA,NA
"318","4","50",NA,NA
"319","4","50",NA,NA
"320","4","50",NA,NA
"321","4","50",NA,NA
"322","4","50",NA,NA
"323","4","50",NA,NA
"324","4","50",NA,NA
"325","4","50",NA,NA
"326","4","50",NA,NA
"327","4","50",NA,NA
"328","4","50",NA,NA
"329","4","50",NA,NA
"330","4","50",NA,NA
"331","4","50",NA,NA
"332","4","50",NA,NA
"333","4","50",NA,NA
"334","4","50",NA,NA
"335","4","50",NA,NA
"336","4","50",NA,NA
"337","4","50",NA,NA
"338","4","50",NA,NA
"339","4","50",NA,NA
"340","4","50",NA,NA
"341","4","50",NA,NA
"342","4","50",NA,NA
"343","4","50",NA,NA
"344","4","50",NA,NA
"345","4","50",NA,NA
"346","4","50",NA,NA
"347","4","50",NA,NA
"348","4","50",NA,NA
"349","4","50",NA,NA
"350","4","50",NA,NA
"351","4","50",NA,NA
"352","4","50",NA,NA
"353","4","50",NA,NA
"354","4","50",NA,NA
"355","4","50",NA,NA
"356","4","50",NA,NA
"357","4","50",NA,NA
"358","4","50",NA,NA
"359","4","50",NA,NA
"360","4","50",NA,NA
"361","4","50",NA,NA
"362","4","50",NA,NA
"363","4","50",NA,NA
"364","4","50",NA,NA
"365","4","50",NA,NA
"366","4","50",NA,NA
"367","4","50",NA,NA
"368","4","50",NA,NA
"369","4","50",NA,NA
"370","4","50",NA,NA
"371","4","50",NA,NA
"372","4","50",NA,NA
"373","4","50",NA,NA
"374","4","50",NA,NA
"375","4","50",NA,NA
"376","4","50",NA,NA
"377","4","50",NA,NA
"378","4","50",NA,NA
"379","4","50",NA,NA
"380","4","50",NA,NA
"381","4","50",NA,NA
"382","4","50",NA,NA
"383","4","50",NA,NA
"384","4","50",NA,NA
"385","4","50",NA,NA
"386","4","50",NA,NA
"387","4","50",NA,NA
"388","4","50",NA,NA
"389","4","50",NA,NA
"390","4","50",NA,NA
"391","4","50",NA,NA
"392","4","50",NA,NA
"393","4","50",NA,NA
"394","4","50",NA,NA
"395","4","50",NA,NA
"396","4","50",NA,NA
"397","4","50",NA,NA
"398","4","50",NA,NA
"399","4","50",NA,NA
"400","4","50",NA,NA
"401","4","50",NA,NA
"402","4","50",NA,NA
"403","4","50",NA,NA
"404","4","50",NA,NA
"405","4","50",NA,NA
"406","4","50",NA,NA
"407","4","50",NA,NA
"408","4","50",NA,NA
"409","4","50",NA,NA
"410","4","50",NA,NA
"411","4","50",NA,NA
"412","4","50",NA,NA
"413","4","50",NA,NA
"414","4","50",NA,NA
"415","4","50",NA,NA
"416","4","50",NA,NA
"417","4","50",NA,NA
"418","4","50",NA,NA
"419","4","50",NA,NA
"420","4","50",NA,NA
"421","4","50",NA,NA
"422","4","50",NA,NA
"423","4","50",NA,NA
"424","4","50",NA,NA
"425","4","50",NA,NA
"426","4","50",NA,NA
"427","4","50",NA,NA
"428","4","50",NA,NA
"429","4","50",NA,NA
"430","4","50",NA,NA
"431","4","50",NA,NA
"432","4","50",NA,NA
"433","4","50",NA,NA
"434","4","50",NA,NA
"435","4","50",NA,NA
"436","4","50",NA,NA
"437","4","50",NA,NA
"438","4","50",NA,NA
"439","4","50",NA,NA
"440","4","50",NA,NA
"441","4","50",NA,NA
"442","4","50",NA,NA
"443","4","50",NA,NA
"444","4","50",NA,NA
"445","4","50",NA,NA
"446","4","50",NA,NA
"447","4","50",NA,NA
"448","4","50",NA,NA
"449","4","50",NA,NA
"450","4","50",NA,NA
"451","4","50",NA,NA
"452","4","50",NA,NA
"453","4","50",NA,NA
"454","4","50",NA,NA
"455","4","50",NA,NA
"456","4","50",NA,NA
"457","4","50",NA,NA
"458","4","50",NA,NA
"459","4","50",NA,NA
"460","4","50",NA,NA
"461","4","50",NA,NA
"462","4","50",NA,NA
"463","4","50",NA,NA
"464","4","50",NA,NA
"465","4","50",NA,NA
"466","4","50",NA,NA
"467","4","50",NA,NA
"468","4","50",NA,NA
"469","4","50",NA,NA
"470","4","50",NA,NA
"471","4","50",NA,NA
"472","4","50",NA,NA
"473","4","50",NA,NA
"474","4","50",NA,NA
"475","4","50",NA,NA
"476","4","50",NA,NA
"477","4","50",NA,NA
"478","4","50",NA,NA
"479","4","50",NA,NA
"480","4","50",NA,NA
"481","4","50",NA,NA
"482","4","50",NA,NA
"483","4","50",NA,NA
"484","4","50",NA,NA
"485","4","50",NA,NA
"486","4","50",NA,NA
"487","4","50",NA,NA
"488","4","50",NA,NA
"489","4","50",NA,NA
"490","4","50",NA,NA
"491","4","50",NA,NA
"492","4","50",NA,NA
"493","4","50",NA,NA
"494","4","50",NA,NA
"495","4","50",NA,NA
"496","4","50",NA,NA
"497","4","50",NA,NA
"498","4","50",NA,NA
"499","4","50",NA,NA
"500","4","50",NA,NA
